pattern_id,route_id,transport_type,line,direction,station_id,stop_sequence
pattern-2e08a1da6897,1275000100001,Bus,1,Essingetorget,740001174,1
pattern-2e08a1da6897,1275000100001,Bus,1,Essingetorget,740045972,2
pattern-2e08a1da6897,1275000100001,Bus,1,Essingetorget,740045973,3
pattern-2e08a1da6897,1275000100001,Bus,1,Essingetorget,740045974,4
pattern-2e08a1da6897,1275000100001,Bus,1,Essingetorget,740045975,5
pattern-2e08a1da6897,1275000100001,Bus,1,Essingetorget,740045976,6
pattern-2e08a1da6897,1275000100001,Bus,1,Essingetorget,740021649,7
pattern-2e08a1da6897,1275000100001,Bus,1,Essingetorget,740046012,8
pattern-2e08a1da6897,1275000100001,Bus,1,Essingetorget,740046011,9
pattern-2e08a1da6897,1275000100001,Bus,1,Essingetorget,740045967,10
pattern-2e08a1da6897,1275000100001,Bus,1,Essingetorget,740045964,11
pattern-2e08a1da6897,1275000100001,Bus,1,Essingetorget,740045963,12
pattern-2e08a1da6897,1275000100001,Bus,1,Essingetorget,740045961,13
pattern-2e08a1da6897,1275000100001,Bus,1,Essingetorget,740045465,14
pattern-2e08a1da6897,1275000100001,Bus,1,Essingetorget,740072737,15
pattern-2e08a1da6897,1275000100001,Bus,1,Essingetorget,740021667,16
pattern-2e08a1da6897,1275000100001,Bus,1,Essingetorget,740001541,17
pattern-2e08a1da6897,1275000100001,Bus,1,Essingetorget,740045956,18
pattern-2e08a1da6897,1275000100001,Bus,1,Essingetorget,740045955,19
pattern-2e08a1da6897,1275000100001,Bus,1,Essingetorget,740045954,20
pattern-2e08a1da6897,1275000100001,Bus,1,Essingetorget,740045952,21
pattern-2e08a1da6897,1275000100001,Bus,1,Essingetorget,740021661,22
pattern-2e08a1da6897,1275000100001,Bus,1,Essingetorget,740046095,23
pattern-2e08a1da6897,1275000100001,Bus,1,Essingetorget,740046154,24
pattern-2e08a1da6897,1275000100001,Bus,1,Essingetorget,740046111,25
pattern-2e08a1da6897,1275000100001,Bus,1,Essingetorget,740046107,26
pattern-2e08a1da6897,1275000100001,Bus,1,Essingetorget,740046108,27
pattern-2e08a1da6897,1275000100001,Bus,1,Essingetorget,740046109,28
pattern-ded5460057d6,1275000100001,Bus,1,Essingetorget,740001174,1
pattern-ded5460057d6,1275000100001,Bus,1,Essingetorget,740045972,2
pattern-ded5460057d6,1275000100001,Bus,1,Essingetorget,740045973,3
pattern-ded5460057d6,1275000100001,Bus,1,Essingetorget,740045974,4
pattern-ded5460057d6,1275000100001,Bus,1,Essingetorget,740045975,5
pattern-ded5460057d6,1275000100001,Bus,1,Essingetorget,740045976,6
pattern-ded5460057d6,1275000100001,Bus,1,Essingetorget,740021649,7
pattern-ded5460057d6,1275000100001,Bus,1,Essingetorget,740046012,8
pattern-ded5460057d6,1275000100001,Bus,1,Essingetorget,740046011,9
pattern-ded5460057d6,1275000100001,Bus,1,Essingetorget,740045967,10
pattern-ded5460057d6,1275000100001,Bus,1,Essingetorget,740045964,11
pattern-ded5460057d6,1275000100001,Bus,1,Essingetorget,740045963,12
pattern-ded5460057d6,1275000100001,Bus,1,Essingetorget,740045961,13
pattern-ded5460057d6,1275000100001,Bus,1,Essingetorget,740046117,14
pattern-ded5460057d6,1275000100001,Bus,1,Essingetorget,740046027,15
pattern-ded5460057d6,1275000100001,Bus,1,Essingetorget,740046026,16
pattern-ded5460057d6,1275000100001,Bus,1,Essingetorget,odenplan,17
pattern-ded5460057d6,1275000100001,Bus,1,Essingetorget,740046025,18
pattern-ded5460057d6,1275000100001,Bus,1,Essingetorget,740021665,19
pattern-ded5460057d6,1275000100001,Bus,1,Essingetorget,740045952,20
pattern-ded5460057d6,1275000100001,Bus,1,Essingetorget,740021661,21
pattern-ded5460057d6,1275000100001,Bus,1,Essingetorget,740046095,22
pattern-ded5460057d6,1275000100001,Bus,1,Essingetorget,740046154,23
pattern-ded5460057d6,1275000100001,Bus,1,Essingetorget,740046111,24
pattern-ded5460057d6,1275000100001,Bus,1,Essingetorget,740046107,25
pattern-ded5460057d6,1275000100001,Bus,1,Essingetorget,740046108,26
pattern-ded5460057d6,1275000100001,Bus,1,Essingetorget,740046109,27
pattern-2b545b677779,1275000100001,Bus,1,Stockholm Frihamnen,740046109,1
pattern-2b545b677779,1275000100001,Bus,1,Stockholm Frihamnen,740046108,2
pattern-2b545b677779,1275000100001,Bus,1,Stockholm Frihamnen,740046107,3
pattern-2b545b677779,1275000100001,Bus,1,Stockholm Frihamnen,740046111,4
pattern-2b545b677779,1275000100001,Bus,1,Stockholm Frihamnen,740046154,5
pattern-2b545b677779,1275000100001,Bus,1,Stockholm Frihamnen,740046095,6
pattern-2b545b677779,1275000100001,Bus,1,Stockholm Frihamnen,740021661,7
pattern-2b545b677779,1275000100001,Bus,1,Stockholm Frihamnen,740046075,8
pattern-2b545b677779,1275000100001,Bus,1,Stockholm Frihamnen,740021665,9
pattern-2b545b677779,1275000100001,Bus,1,Stockholm Frihamnen,740046025,10
pattern-2b545b677779,1275000100001,Bus,1,Stockholm Frihamnen,odenplan,11
pattern-2b545b677779,1275000100001,Bus,1,Stockholm Frihamnen,740046026,12
pattern-2b545b677779,1275000100001,Bus,1,Stockholm Frihamnen,740046027,13
pattern-2b545b677779,1275000100001,Bus,1,Stockholm Frihamnen,740046117,14
pattern-2b545b677779,1275000100001,Bus,1,Stockholm Frihamnen,740045961,15
pattern-2b545b677779,1275000100001,Bus,1,Stockholm Frihamnen,740045963,16
pattern-2b545b677779,1275000100001,Bus,1,Stockholm Frihamnen,740045964,17
pattern-2b545b677779,1275000100001,Bus,1,Stockholm Frihamnen,740045967,18
pattern-2b545b677779,1275000100001,Bus,1,Stockholm Frihamnen,740046011,19
pattern-2b545b677779,1275000100001,Bus,1,Stockholm Frihamnen,740046012,20
pattern-2b545b677779,1275000100001,Bus,1,Stockholm Frihamnen,740021649,21
pattern-2b545b677779,1275000100001,Bus,1,Stockholm Frihamnen,740045976,22
pattern-2b545b677779,1275000100001,Bus,1,Stockholm Frihamnen,740045975,23
pattern-2b545b677779,1275000100001,Bus,1,Stockholm Frihamnen,740045974,24
pattern-2b545b677779,1275000100001,Bus,1,Stockholm Frihamnen,740045973,25
pattern-2b545b677779,1275000100001,Bus,1,Stockholm Frihamnen,740045972,26
pattern-2b545b677779,1275000100001,Bus,1,Stockholm Frihamnen,740001174,27
pattern-c3c06293b8b2,1275000100001,Bus,1,Stockholm Frihamnen,740046109,1
pattern-c3c06293b8b2,1275000100001,Bus,1,Stockholm Frihamnen,740046108,2
pattern-c3c06293b8b2,1275000100001,Bus,1,Stockholm Frihamnen,740046107,3
pattern-c3c06293b8b2,1275000100001,Bus,1,Stockholm Frihamnen,740046111,4
pattern-c3c06293b8b2,1275000100001,Bus,1,Stockholm Frihamnen,740046154,5
pattern-c3c06293b8b2,1275000100001,Bus,1,Stockholm Frihamnen,740046095,6
pattern-c3c06293b8b2,1275000100001,Bus,1,Stockholm Frihamnen,740021661,7
pattern-c3c06293b8b2,1275000100001,Bus,1,Stockholm Frihamnen,740045952,8
pattern-c3c06293b8b2,1275000100001,Bus,1,Stockholm Frihamnen,740045954,9
pattern-c3c06293b8b2,1275000100001,Bus,1,Stockholm Frihamnen,740045955,10
pattern-c3c06293b8b2,1275000100001,Bus,1,Stockholm Frihamnen,740001541,11
pattern-c3c06293b8b2,1275000100001,Bus,1,Stockholm Frihamnen,740021667,12
pattern-c3c06293b8b2,1275000100001,Bus,1,Stockholm Frihamnen,740072737,13
pattern-c3c06293b8b2,1275000100001,Bus,1,Stockholm Frihamnen,740045465,14
pattern-c3c06293b8b2,1275000100001,Bus,1,Stockholm Frihamnen,740045960,15
pattern-c3c06293b8b2,1275000100001,Bus,1,Stockholm Frihamnen,740045961,16
pattern-c3c06293b8b2,1275000100001,Bus,1,Stockholm Frihamnen,740045963,17
pattern-c3c06293b8b2,1275000100001,Bus,1,Stockholm Frihamnen,740045964,18
pattern-c3c06293b8b2,1275000100001,Bus,1,Stockholm Frihamnen,740045967,19
pattern-c3c06293b8b2,1275000100001,Bus,1,Stockholm Frihamnen,740046011,20
pattern-c3c06293b8b2,1275000100001,Bus,1,Stockholm Frihamnen,740046012,21
pattern-c3c06293b8b2,1275000100001,Bus,1,Stockholm Frihamnen,740021649,22
pattern-c3c06293b8b2,1275000100001,Bus,1,Stockholm Frihamnen,740045976,23
pattern-c3c06293b8b2,1275000100001,Bus,1,Stockholm Frihamnen,740045975,24
pattern-c3c06293b8b2,1275000100001,Bus,1,Stockholm Frihamnen,740045974,25
pattern-c3c06293b8b2,1275000100001,Bus,1,Stockholm Frihamnen,740045973,26
pattern-c3c06293b8b2,1275000100001,Bus,1,Stockholm Frihamnen,740045972,27
pattern-c3c06293b8b2,1275000100001,Bus,1,Stockholm Frihamnen,740001174,28
pattern-0da4d0ad88de,1275000200001,Bus,2,Humlegården,740046039,1
pattern-0da4d0ad88de,1275000200001,Bus,2,Humlegården,740046038,2
pattern-0da4d0ad88de,1275000200001,Bus,2,Humlegården,740046041,3
pattern-0da4d0ad88de,1275000200001,Bus,2,Humlegården,740046040,4
pattern-0da4d0ad88de,1275000200001,Bus,2,Humlegården,odenplan,5
pattern-0da4d0ad88de,1275000200001,Bus,2,Humlegården,740046026,6
pattern-0da4d0ad88de,1275000200001,Bus,2,Humlegården,740045997,7
pattern-0da4d0ad88de,1275000200001,Bus,2,Humlegården,740045999,8
pattern-0da4d0ad88de,1275000200001,Bus,2,Humlegården,740046000,9
pattern-0da4d0ad88de,1275000200001,Bus,2,Humlegården,740045465,10
pattern-0da4d0ad88de,1275000200001,Bus,2,Humlegården,740046252,11
pattern-92f33e8fc46e,1275000200001,Bus,2,Slussen T-bana,740046039,1
pattern-92f33e8fc46e,1275000200001,Bus,2,Slussen T-bana,740046038,2
pattern-92f33e8fc46e,1275000200001,Bus,2,Slussen T-bana,740046041,3
pattern-92f33e8fc46e,1275000200001,Bus,2,Slussen T-bana,740046040,4
pattern-92f33e8fc46e,1275000200001,Bus,2,Slussen T-bana,odenplan,5
pattern-92f33e8fc46e,1275000200001,Bus,2,Slussen T-bana,740046026,6
pattern-92f33e8fc46e,1275000200001,Bus,2,Slussen T-bana,740045997,7
pattern-92f33e8fc46e,1275000200001,Bus,2,Slussen T-bana,740045999,8
pattern-92f33e8fc46e,1275000200001,Bus,2,Slussen T-bana,740046000,9
pattern-92f33e8fc46e,1275000200001,Bus,2,Slussen T-bana,740045465,10
pattern-92f33e8fc46e,1275000200001,Bus,2,Slussen T-bana,740037355,11
pattern-92f33e8fc46e,1275000200001,Bus,2,Slussen T-bana,740045461,12
pattern-92f33e8fc46e,1275000200001,Bus,2,Slussen T-bana,740046002,13
pattern-92f33e8fc46e,1275000200001,Bus,2,Slussen T-bana,slussen,14
pattern-0c2be5e8f3d6,1275000200001,Bus,2,Stockholm Barnängen,740046037,1
pattern-0c2be5e8f3d6,1275000200001,Bus,2,Stockholm Barnängen,740046039,2
pattern-0c2be5e8f3d6,1275000200001,Bus,2,Stockholm Barnängen,740046038,3
pattern-0c2be5e8f3d6,1275000200001,Bus,2,Stockholm Barnängen,740046041,4
pattern-0c2be5e8f3d6,1275000200001,Bus,2,Stockholm Barnängen,740046040,5
pattern-0c2be5e8f3d6,1275000200001,Bus,2,Stockholm Barnängen,odenplan,6
pattern-0c2be5e8f3d6,1275000200001,Bus,2,Stockholm Barnängen,740046138,7
pattern-0c2be5e8f3d6,1275000200001,Bus,2,Stockholm Barnängen,740046061,8
pattern-0c2be5e8f3d6,1275000200001,Bus,2,Stockholm Barnängen,740046062,9
pattern-0c2be5e8f3d6,1275000200001,Bus,2,Stockholm Barnängen,740046063,10
pattern-0c2be5e8f3d6,1275000200001,Bus,2,Stockholm Barnängen,740023844,11
pattern-0c2be5e8f3d6,1275000200001,Bus,2,Stockholm Barnängen,740046083,12
pattern-0c2be5e8f3d6,1275000200001,Bus,2,Stockholm Barnängen,740046084,13
pattern-0c2be5e8f3d6,1275000200001,Bus,2,Stockholm Barnängen,740046085,14
pattern-0c2be5e8f3d6,1275000200001,Bus,2,Stockholm Barnängen,slussen,15
pattern-0c2be5e8f3d6,1275000200001,Bus,2,Stockholm Barnängen,740046047,16
pattern-0c2be5e8f3d6,1275000200001,Bus,2,Stockholm Barnängen,740046051,17
pattern-0c2be5e8f3d6,1275000200001,Bus,2,Stockholm Barnängen,740046052,18
pattern-0c2be5e8f3d6,1275000200001,Bus,2,Stockholm Barnängen,740046053,19
pattern-0c2be5e8f3d6,1275000200001,Bus,2,Stockholm Barnängen,740046231,20
pattern-0c2be5e8f3d6,1275000200001,Bus,2,Stockholm Barnängen,740046212,21
pattern-919935e5119f,1275000200001,Bus,2,Stockholm Barnängen,740046039,1
pattern-919935e5119f,1275000200001,Bus,2,Stockholm Barnängen,740046038,2
pattern-919935e5119f,1275000200001,Bus,2,Stockholm Barnängen,740046041,3
pattern-919935e5119f,1275000200001,Bus,2,Stockholm Barnängen,740046040,4
pattern-919935e5119f,1275000200001,Bus,2,Stockholm Barnängen,odenplan,5
pattern-919935e5119f,1275000200001,Bus,2,Stockholm Barnängen,740046026,6
pattern-919935e5119f,1275000200001,Bus,2,Stockholm Barnängen,740045997,7
pattern-919935e5119f,1275000200001,Bus,2,Stockholm Barnängen,740045999,8
pattern-919935e5119f,1275000200001,Bus,2,Stockholm Barnängen,740046000,9
pattern-919935e5119f,1275000200001,Bus,2,Stockholm Barnängen,740045465,10
pattern-919935e5119f,1275000200001,Bus,2,Stockholm Barnängen,740037355,11
pattern-919935e5119f,1275000200001,Bus,2,Stockholm Barnängen,740045461,12
pattern-919935e5119f,1275000200001,Bus,2,Stockholm Barnängen,740046002,13
pattern-919935e5119f,1275000200001,Bus,2,Stockholm Barnängen,slussen,14
pattern-919935e5119f,1275000200001,Bus,2,Stockholm Barnängen,740046047,15
pattern-919935e5119f,1275000200001,Bus,2,Stockholm Barnängen,740046051,16
pattern-919935e5119f,1275000200001,Bus,2,Stockholm Barnängen,740046052,17
pattern-919935e5119f,1275000200001,Bus,2,Stockholm Barnängen,740046053,18
pattern-919935e5119f,1275000200001,Bus,2,Stockholm Barnängen,740046231,19
pattern-919935e5119f,1275000200001,Bus,2,Stockholm Barnängen,740046212,20
pattern-ce3c30b2cad4,1275000200001,Bus,2,Stockholm Barnängen,740046046,1
pattern-ce3c30b2cad4,1275000200001,Bus,2,Stockholm Barnängen,740046047,2
pattern-ce3c30b2cad4,1275000200001,Bus,2,Stockholm Barnängen,740046051,3
pattern-ce3c30b2cad4,1275000200001,Bus,2,Stockholm Barnängen,740046052,4
pattern-ce3c30b2cad4,1275000200001,Bus,2,Stockholm Barnängen,740046053,5
pattern-ce3c30b2cad4,1275000200001,Bus,2,Stockholm Barnängen,740046231,6
pattern-ce3c30b2cad4,1275000200001,Bus,2,Stockholm Barnängen,740046212,7
pattern-d26d0d4490a0,1275000200001,Bus,2,Stockholm Glasbruksgatan,740046212,1
pattern-d26d0d4490a0,1275000200001,Bus,2,Stockholm Glasbruksgatan,740046231,2
pattern-d26d0d4490a0,1275000200001,Bus,2,Stockholm Glasbruksgatan,740046053,3
pattern-d26d0d4490a0,1275000200001,Bus,2,Stockholm Glasbruksgatan,740046052,4
pattern-d26d0d4490a0,1275000200001,Bus,2,Stockholm Glasbruksgatan,740046051,5
pattern-d26d0d4490a0,1275000200001,Bus,2,Stockholm Glasbruksgatan,740046047,6
pattern-d26d0d4490a0,1275000200001,Bus,2,Stockholm Glasbruksgatan,740046046,7
pattern-48e23c18583b,1275000200001,Bus,2,Stockholm Sveaplan,740046212,1
pattern-48e23c18583b,1275000200001,Bus,2,Stockholm Sveaplan,740046231,2
pattern-48e23c18583b,1275000200001,Bus,2,Stockholm Sveaplan,740046053,3
pattern-48e23c18583b,1275000200001,Bus,2,Stockholm Sveaplan,740046052,4
pattern-48e23c18583b,1275000200001,Bus,2,Stockholm Sveaplan,740046051,5
pattern-48e23c18583b,1275000200001,Bus,2,Stockholm Sveaplan,740046047,6
pattern-48e23c18583b,1275000200001,Bus,2,Stockholm Sveaplan,slussen,7
pattern-48e23c18583b,1275000200001,Bus,2,Stockholm Sveaplan,740046085,8
pattern-48e23c18583b,1275000200001,Bus,2,Stockholm Sveaplan,740046084,9
pattern-48e23c18583b,1275000200001,Bus,2,Stockholm Sveaplan,740046083,10
pattern-48e23c18583b,1275000200001,Bus,2,Stockholm Sveaplan,740004383,11
pattern-48e23c18583b,1275000200001,Bus,2,Stockholm Sveaplan,740046063,12
pattern-48e23c18583b,1275000200001,Bus,2,Stockholm Sveaplan,740046062,13
pattern-48e23c18583b,1275000200001,Bus,2,Stockholm Sveaplan,740046061,14
pattern-48e23c18583b,1275000200001,Bus,2,Stockholm Sveaplan,740046138,15
pattern-48e23c18583b,1275000200001,Bus,2,Stockholm Sveaplan,odenplan,16
pattern-48e23c18583b,1275000200001,Bus,2,Stockholm Sveaplan,740046040,17
pattern-48e23c18583b,1275000200001,Bus,2,Stockholm Sveaplan,740046041,18
pattern-48e23c18583b,1275000200001,Bus,2,Stockholm Sveaplan,740046038,19
pattern-48e23c18583b,1275000200001,Bus,2,Stockholm Sveaplan,740046039,20
pattern-48e23c18583b,1275000200001,Bus,2,Stockholm Sveaplan,740046037,21
pattern-3137fcdad1cc,1275000200001,Bus,2,Ynglingagatan,740046212,1
pattern-3137fcdad1cc,1275000200001,Bus,2,Ynglingagatan,740046231,2
pattern-3137fcdad1cc,1275000200001,Bus,2,Ynglingagatan,740046053,3
pattern-3137fcdad1cc,1275000200001,Bus,2,Ynglingagatan,740046052,4
pattern-3137fcdad1cc,1275000200001,Bus,2,Ynglingagatan,740046051,5
pattern-3137fcdad1cc,1275000200001,Bus,2,Ynglingagatan,740046047,6
pattern-3137fcdad1cc,1275000200001,Bus,2,Ynglingagatan,slussen,7
pattern-3137fcdad1cc,1275000200001,Bus,2,Ynglingagatan,740046002,8
pattern-3137fcdad1cc,1275000200001,Bus,2,Ynglingagatan,740073532,9
pattern-3137fcdad1cc,1275000200001,Bus,2,Ynglingagatan,740045994,10
pattern-3137fcdad1cc,1275000200001,Bus,2,Ynglingagatan,740045465,11
pattern-3137fcdad1cc,1275000200001,Bus,2,Ynglingagatan,740046000,12
pattern-3137fcdad1cc,1275000200001,Bus,2,Ynglingagatan,740045999,13
pattern-3137fcdad1cc,1275000200001,Bus,2,Ynglingagatan,740045997,14
pattern-3137fcdad1cc,1275000200001,Bus,2,Ynglingagatan,740046027,15
pattern-3137fcdad1cc,1275000200001,Bus,2,Ynglingagatan,740046026,16
pattern-3137fcdad1cc,1275000200001,Bus,2,Ynglingagatan,odenplan,17
pattern-3137fcdad1cc,1275000200001,Bus,2,Ynglingagatan,740046040,18
pattern-3137fcdad1cc,1275000200001,Bus,2,Ynglingagatan,740046041,19
pattern-3137fcdad1cc,1275000200001,Bus,2,Ynglingagatan,740046038,20
pattern-3137fcdad1cc,1275000200001,Bus,2,Ynglingagatan,740046039,21
pattern-b62a9d1adfe2,1275000200001,Bus,2,Ynglingagatan,slussen,1
pattern-b62a9d1adfe2,1275000200001,Bus,2,Ynglingagatan,740046002,2
pattern-b62a9d1adfe2,1275000200001,Bus,2,Ynglingagatan,740073532,3
pattern-b62a9d1adfe2,1275000200001,Bus,2,Ynglingagatan,740045994,4
pattern-b62a9d1adfe2,1275000200001,Bus,2,Ynglingagatan,740045465,5
pattern-b62a9d1adfe2,1275000200001,Bus,2,Ynglingagatan,740046000,6
pattern-b62a9d1adfe2,1275000200001,Bus,2,Ynglingagatan,740045999,7
pattern-b62a9d1adfe2,1275000200001,Bus,2,Ynglingagatan,740045997,8
pattern-b62a9d1adfe2,1275000200001,Bus,2,Ynglingagatan,740046027,9
pattern-b62a9d1adfe2,1275000200001,Bus,2,Ynglingagatan,740046026,10
pattern-b62a9d1adfe2,1275000200001,Bus,2,Ynglingagatan,odenplan,11
pattern-b62a9d1adfe2,1275000200001,Bus,2,Ynglingagatan,740046040,12
pattern-b62a9d1adfe2,1275000200001,Bus,2,Ynglingagatan,740046041,13
pattern-b62a9d1adfe2,1275000200001,Bus,2,Ynglingagatan,740046038,14
pattern-b62a9d1adfe2,1275000200001,Bus,2,Ynglingagatan,740046039,15
pattern-fd65309211b1,1275000200001,Bus,2,Ynglingagatan,740046252,1
pattern-fd65309211b1,1275000200001,Bus,2,Ynglingagatan,740046000,2
pattern-fd65309211b1,1275000200001,Bus,2,Ynglingagatan,740045999,3
pattern-fd65309211b1,1275000200001,Bus,2,Ynglingagatan,740045997,4
pattern-fd65309211b1,1275000200001,Bus,2,Ynglingagatan,740046027,5
pattern-fd65309211b1,1275000200001,Bus,2,Ynglingagatan,740046026,6
pattern-fd65309211b1,1275000200001,Bus,2,Ynglingagatan,odenplan,7
pattern-fd65309211b1,1275000200001,Bus,2,Ynglingagatan,740046040,8
pattern-fd65309211b1,1275000200001,Bus,2,Ynglingagatan,740046041,9
pattern-fd65309211b1,1275000200001,Bus,2,Ynglingagatan,740046038,10
pattern-fd65309211b1,1275000200001,Bus,2,Ynglingagatan,740046039,11
pattern-18eca086562a,1275000300001,Bus,3,Fridhemsplan T-bana,740001179,1
pattern-18eca086562a,1275000300001,Bus,3,Fridhemsplan T-bana,740012127,2
pattern-18eca086562a,1275000300001,Bus,3,Fridhemsplan T-bana,740046073,3
pattern-18eca086562a,1275000300001,Bus,3,Fridhemsplan T-bana,740046074,4
pattern-18eca086562a,1275000300001,Bus,3,Fridhemsplan T-bana,740046022,5
pattern-18eca086562a,1275000300001,Bus,3,Fridhemsplan T-bana,740021665,6
pattern-18eca086562a,1275000300001,Bus,3,Fridhemsplan T-bana,740021661,7
pattern-a831f94525e3,1275000300001,Bus,3,Gullmarsplan T-bana,740046092,1
pattern-a831f94525e3,1275000300001,Bus,3,Gullmarsplan T-bana,740046007,2
pattern-a831f94525e3,1275000300001,Bus,3,Gullmarsplan T-bana,740046090,3
pattern-a831f94525e3,1275000300001,Bus,3,Gullmarsplan T-bana,740021655,4
pattern-1a2935bfc814,1275000300001,Bus,3,Karolinska sjukhuset norra,740046092,1
pattern-1a2935bfc814,1275000300001,Bus,3,Karolinska sjukhuset norra,740046007,2
pattern-1a2935bfc814,1275000300001,Bus,3,Karolinska sjukhuset norra,740046090,3
pattern-1a2935bfc814,1275000300001,Bus,3,Karolinska sjukhuset norra,740021655,4
pattern-1a2935bfc814,1275000300001,Bus,3,Karolinska sjukhuset norra,740046089,5
pattern-1a2935bfc814,1275000300001,Bus,3,Karolinska sjukhuset norra,740046088,6
pattern-1a2935bfc814,1275000300001,Bus,3,Karolinska sjukhuset norra,740046048,7
pattern-1a2935bfc814,1275000300001,Bus,3,Karolinska sjukhuset norra,740046047,8
pattern-1a2935bfc814,1275000300001,Bus,3,Karolinska sjukhuset norra,slussen,9
pattern-1a2935bfc814,1275000300001,Bus,3,Karolinska sjukhuset norra,740046085,10
pattern-1a2935bfc814,1275000300001,Bus,3,Karolinska sjukhuset norra,740046084,11
pattern-1a2935bfc814,1275000300001,Bus,3,Karolinska sjukhuset norra,740046083,12
pattern-1a2935bfc814,1275000300001,Bus,3,Karolinska sjukhuset norra,740046082,13
pattern-1a2935bfc814,1275000300001,Bus,3,Karolinska sjukhuset norra,740046081,14
pattern-1a2935bfc814,1275000300001,Bus,3,Karolinska sjukhuset norra,740046080,15
pattern-1a2935bfc814,1275000300001,Bus,3,Karolinska sjukhuset norra,740046078,16
pattern-1a2935bfc814,1275000300001,Bus,3,Karolinska sjukhuset norra,740046077,17
pattern-1a2935bfc814,1275000300001,Bus,3,Karolinska sjukhuset norra,740046075,18
pattern-1a2935bfc814,1275000300001,Bus,3,Karolinska sjukhuset norra,740021665,19
pattern-1a2935bfc814,1275000300001,Bus,3,Karolinska sjukhuset norra,740046022,20
pattern-1a2935bfc814,1275000300001,Bus,3,Karolinska sjukhuset norra,740046074,21
pattern-1a2935bfc814,1275000300001,Bus,3,Karolinska sjukhuset norra,740046073,22
pattern-1a2935bfc814,1275000300001,Bus,3,Karolinska sjukhuset norra,740012127,23
pattern-1a2935bfc814,1275000300001,Bus,3,Karolinska sjukhuset norra,740001179,24
pattern-a7013c8fd13d,1275000300001,Bus,3,Karolinska sjukhuset norra,740021661,1
pattern-a7013c8fd13d,1275000300001,Bus,3,Karolinska sjukhuset norra,740046075,2
pattern-a7013c8fd13d,1275000300001,Bus,3,Karolinska sjukhuset norra,740021665,3
pattern-a7013c8fd13d,1275000300001,Bus,3,Karolinska sjukhuset norra,740046022,4
pattern-a7013c8fd13d,1275000300001,Bus,3,Karolinska sjukhuset norra,740046074,5
pattern-a7013c8fd13d,1275000300001,Bus,3,Karolinska sjukhuset norra,740046073,6
pattern-a7013c8fd13d,1275000300001,Bus,3,Karolinska sjukhuset norra,740012127,7
pattern-a7013c8fd13d,1275000300001,Bus,3,Karolinska sjukhuset norra,740001179,8
pattern-c959fe7ac4f3,1275000300001,Bus,3,Karolinska sjukhuset norra,740021655,1
pattern-c959fe7ac4f3,1275000300001,Bus,3,Karolinska sjukhuset norra,740046089,2
pattern-c959fe7ac4f3,1275000300001,Bus,3,Karolinska sjukhuset norra,740046088,3
pattern-c959fe7ac4f3,1275000300001,Bus,3,Karolinska sjukhuset norra,740046048,4
pattern-c959fe7ac4f3,1275000300001,Bus,3,Karolinska sjukhuset norra,740046047,5
pattern-c959fe7ac4f3,1275000300001,Bus,3,Karolinska sjukhuset norra,slussen,6
pattern-c959fe7ac4f3,1275000300001,Bus,3,Karolinska sjukhuset norra,740046085,7
pattern-c959fe7ac4f3,1275000300001,Bus,3,Karolinska sjukhuset norra,740046084,8
pattern-c959fe7ac4f3,1275000300001,Bus,3,Karolinska sjukhuset norra,740046083,9
pattern-c959fe7ac4f3,1275000300001,Bus,3,Karolinska sjukhuset norra,740046082,10
pattern-c959fe7ac4f3,1275000300001,Bus,3,Karolinska sjukhuset norra,740046081,11
pattern-c959fe7ac4f3,1275000300001,Bus,3,Karolinska sjukhuset norra,740046080,12
pattern-c959fe7ac4f3,1275000300001,Bus,3,Karolinska sjukhuset norra,740046078,13
pattern-c959fe7ac4f3,1275000300001,Bus,3,Karolinska sjukhuset norra,740046077,14
pattern-c959fe7ac4f3,1275000300001,Bus,3,Karolinska sjukhuset norra,740046075,15
pattern-c959fe7ac4f3,1275000300001,Bus,3,Karolinska sjukhuset norra,740021665,16
pattern-c959fe7ac4f3,1275000300001,Bus,3,Karolinska sjukhuset norra,740046022,17
pattern-c959fe7ac4f3,1275000300001,Bus,3,Karolinska sjukhuset norra,740046074,18
pattern-c959fe7ac4f3,1275000300001,Bus,3,Karolinska sjukhuset norra,740046073,19
pattern-c959fe7ac4f3,1275000300001,Bus,3,Karolinska sjukhuset norra,740012127,20
pattern-c959fe7ac4f3,1275000300001,Bus,3,Karolinska sjukhuset norra,740001179,21
pattern-cfad7bece72e,1275000300001,Bus,3,Karolinska sjukhuset norra,slussen,1
pattern-cfad7bece72e,1275000300001,Bus,3,Karolinska sjukhuset norra,740046085,2
pattern-cfad7bece72e,1275000300001,Bus,3,Karolinska sjukhuset norra,740046084,3
pattern-cfad7bece72e,1275000300001,Bus,3,Karolinska sjukhuset norra,740046083,4
pattern-cfad7bece72e,1275000300001,Bus,3,Karolinska sjukhuset norra,740046082,5
pattern-cfad7bece72e,1275000300001,Bus,3,Karolinska sjukhuset norra,740046081,6
pattern-cfad7bece72e,1275000300001,Bus,3,Karolinska sjukhuset norra,740046080,7
pattern-cfad7bece72e,1275000300001,Bus,3,Karolinska sjukhuset norra,740046078,8
pattern-cfad7bece72e,1275000300001,Bus,3,Karolinska sjukhuset norra,740046077,9
pattern-cfad7bece72e,1275000300001,Bus,3,Karolinska sjukhuset norra,740046075,10
pattern-cfad7bece72e,1275000300001,Bus,3,Karolinska sjukhuset norra,740021665,11
pattern-cfad7bece72e,1275000300001,Bus,3,Karolinska sjukhuset norra,740046022,12
pattern-cfad7bece72e,1275000300001,Bus,3,Karolinska sjukhuset norra,740046074,13
pattern-cfad7bece72e,1275000300001,Bus,3,Karolinska sjukhuset norra,740046073,14
pattern-cfad7bece72e,1275000300001,Bus,3,Karolinska sjukhuset norra,740012127,15
pattern-cfad7bece72e,1275000300001,Bus,3,Karolinska sjukhuset norra,740001179,16
pattern-15c7e135266a,1275000300001,Bus,3,Ljusterögatan,740046092,1
pattern-15c7e135266a,1275000300001,Bus,3,Ljusterögatan,740046007,2
pattern-15c7e135266a,1275000300001,Bus,3,Ljusterögatan,740046090,3
pattern-15c7e135266a,1275000300001,Bus,3,Ljusterögatan,740021655,4
pattern-15c7e135266a,1275000300001,Bus,3,Ljusterögatan,740046089,5
pattern-15c7e135266a,1275000300001,Bus,3,Ljusterögatan,740046201,6
pattern-cef6d2a5c5b9,1275000300001,Bus,3,Slussen T-bana,740001179,1
pattern-cef6d2a5c5b9,1275000300001,Bus,3,Slussen T-bana,740012127,2
pattern-cef6d2a5c5b9,1275000300001,Bus,3,Slussen T-bana,740046073,3
pattern-cef6d2a5c5b9,1275000300001,Bus,3,Slussen T-bana,740046074,4
pattern-cef6d2a5c5b9,1275000300001,Bus,3,Slussen T-bana,740046022,5
pattern-cef6d2a5c5b9,1275000300001,Bus,3,Slussen T-bana,740021665,6
pattern-cef6d2a5c5b9,1275000300001,Bus,3,Slussen T-bana,740046075,7
pattern-cef6d2a5c5b9,1275000300001,Bus,3,Slussen T-bana,740046077,8
pattern-cef6d2a5c5b9,1275000300001,Bus,3,Slussen T-bana,740046078,9
pattern-cef6d2a5c5b9,1275000300001,Bus,3,Slussen T-bana,740046079,10
pattern-cef6d2a5c5b9,1275000300001,Bus,3,Slussen T-bana,740046080,11
pattern-cef6d2a5c5b9,1275000300001,Bus,3,Slussen T-bana,740046081,12
pattern-cef6d2a5c5b9,1275000300001,Bus,3,Slussen T-bana,740046082,13
pattern-cef6d2a5c5b9,1275000300001,Bus,3,Slussen T-bana,740046083,14
pattern-cef6d2a5c5b9,1275000300001,Bus,3,Slussen T-bana,740046084,15
pattern-cef6d2a5c5b9,1275000300001,Bus,3,Slussen T-bana,740046085,16
pattern-cef6d2a5c5b9,1275000300001,Bus,3,Slussen T-bana,slussen,17
pattern-6d592b525a56,1275000300001,Bus,3,Stockholm Glasbruksgatan,740046092,1
pattern-6d592b525a56,1275000300001,Bus,3,Stockholm Glasbruksgatan,740046007,2
pattern-6d592b525a56,1275000300001,Bus,3,Stockholm Glasbruksgatan,740046090,3
pattern-6d592b525a56,1275000300001,Bus,3,Stockholm Glasbruksgatan,740021655,4
pattern-6d592b525a56,1275000300001,Bus,3,Stockholm Glasbruksgatan,740046089,5
pattern-6d592b525a56,1275000300001,Bus,3,Stockholm Glasbruksgatan,740046088,6
pattern-6d592b525a56,1275000300001,Bus,3,Stockholm Glasbruksgatan,740046048,7
pattern-6d592b525a56,1275000300001,Bus,3,Stockholm Glasbruksgatan,740046047,8
pattern-6d592b525a56,1275000300001,Bus,3,Stockholm Glasbruksgatan,740046046,9
pattern-1c0786a229c4,1275000300001,Bus,3,Södersjukhuset,740046201,1
pattern-1c0786a229c4,1275000300001,Bus,3,Södersjukhuset,740046089,2
pattern-1c0786a229c4,1275000300001,Bus,3,Södersjukhuset,740021655,3
pattern-1c0786a229c4,1275000300001,Bus,3,Södersjukhuset,740046090,4
pattern-1c0786a229c4,1275000300001,Bus,3,Södersjukhuset,740046007,5
pattern-1c0786a229c4,1275000300001,Bus,3,Södersjukhuset,740046092,6
pattern-33d8ff21cd33,1275000300001,Bus,3,Södersjukhuset,740021655,1
pattern-33d8ff21cd33,1275000300001,Bus,3,Södersjukhuset,740046090,2
pattern-33d8ff21cd33,1275000300001,Bus,3,Södersjukhuset,740046007,3
pattern-33d8ff21cd33,1275000300001,Bus,3,Södersjukhuset,740046092,4
pattern-9e3ce5da60b4,1275000300001,Bus,3,Södersjukhuset,740001179,1
pattern-9e3ce5da60b4,1275000300001,Bus,3,Södersjukhuset,740012127,2
pattern-9e3ce5da60b4,1275000300001,Bus,3,Södersjukhuset,740046073,3
pattern-9e3ce5da60b4,1275000300001,Bus,3,Södersjukhuset,740046074,4
pattern-9e3ce5da60b4,1275000300001,Bus,3,Södersjukhuset,740046022,5
pattern-9e3ce5da60b4,1275000300001,Bus,3,Södersjukhuset,740021665,6
pattern-9e3ce5da60b4,1275000300001,Bus,3,Södersjukhuset,740046075,7
pattern-9e3ce5da60b4,1275000300001,Bus,3,Södersjukhuset,740046077,8
pattern-9e3ce5da60b4,1275000300001,Bus,3,Södersjukhuset,740046078,9
pattern-9e3ce5da60b4,1275000300001,Bus,3,Södersjukhuset,740046079,10
pattern-9e3ce5da60b4,1275000300001,Bus,3,Södersjukhuset,740046080,11
pattern-9e3ce5da60b4,1275000300001,Bus,3,Södersjukhuset,740046081,12
pattern-9e3ce5da60b4,1275000300001,Bus,3,Södersjukhuset,740046082,13
pattern-9e3ce5da60b4,1275000300001,Bus,3,Södersjukhuset,740046083,14
pattern-9e3ce5da60b4,1275000300001,Bus,3,Södersjukhuset,740046084,15
pattern-9e3ce5da60b4,1275000300001,Bus,3,Södersjukhuset,740046085,16
pattern-9e3ce5da60b4,1275000300001,Bus,3,Södersjukhuset,slussen,17
pattern-9e3ce5da60b4,1275000300001,Bus,3,Södersjukhuset,740046047,18
pattern-9e3ce5da60b4,1275000300001,Bus,3,Södersjukhuset,740046048,19
pattern-9e3ce5da60b4,1275000300001,Bus,3,Södersjukhuset,740046088,20
pattern-9e3ce5da60b4,1275000300001,Bus,3,Södersjukhuset,740046089,21
pattern-9e3ce5da60b4,1275000300001,Bus,3,Södersjukhuset,740021655,22
pattern-9e3ce5da60b4,1275000300001,Bus,3,Södersjukhuset,740046090,23
pattern-9e3ce5da60b4,1275000300001,Bus,3,Södersjukhuset,740046007,24
pattern-9e3ce5da60b4,1275000300001,Bus,3,Södersjukhuset,740046092,25
pattern-dc8f4dd49dc6,1275000300001,Bus,3,Södersjukhuset,740001179,1
pattern-dc8f4dd49dc6,1275000300001,Bus,3,Södersjukhuset,740012127,2
pattern-dc8f4dd49dc6,1275000300001,Bus,3,Södersjukhuset,740046073,3
pattern-dc8f4dd49dc6,1275000300001,Bus,3,Södersjukhuset,740046074,4
pattern-dc8f4dd49dc6,1275000300001,Bus,3,Södersjukhuset,740046022,5
pattern-dc8f4dd49dc6,1275000300001,Bus,3,Södersjukhuset,740021665,6
pattern-dc8f4dd49dc6,1275000300001,Bus,3,Södersjukhuset,740046077,7
pattern-dc8f4dd49dc6,1275000300001,Bus,3,Södersjukhuset,740046078,8
pattern-dc8f4dd49dc6,1275000300001,Bus,3,Södersjukhuset,740046079,9
pattern-dc8f4dd49dc6,1275000300001,Bus,3,Södersjukhuset,740046080,10
pattern-dc8f4dd49dc6,1275000300001,Bus,3,Södersjukhuset,740046081,11
pattern-dc8f4dd49dc6,1275000300001,Bus,3,Södersjukhuset,740046082,12
pattern-dc8f4dd49dc6,1275000300001,Bus,3,Södersjukhuset,740046083,13
pattern-dc8f4dd49dc6,1275000300001,Bus,3,Södersjukhuset,740046084,14
pattern-dc8f4dd49dc6,1275000300001,Bus,3,Södersjukhuset,740046085,15
pattern-dc8f4dd49dc6,1275000300001,Bus,3,Södersjukhuset,slussen,16
pattern-dc8f4dd49dc6,1275000300001,Bus,3,Södersjukhuset,740046047,17
pattern-dc8f4dd49dc6,1275000300001,Bus,3,Södersjukhuset,740046048,18
pattern-dc8f4dd49dc6,1275000300001,Bus,3,Södersjukhuset,740046088,19
pattern-dc8f4dd49dc6,1275000300001,Bus,3,Södersjukhuset,740046089,20
pattern-dc8f4dd49dc6,1275000300001,Bus,3,Södersjukhuset,740021655,21
pattern-dc8f4dd49dc6,1275000300001,Bus,3,Södersjukhuset,740046090,22
pattern-dc8f4dd49dc6,1275000300001,Bus,3,Södersjukhuset,740046007,23
pattern-dc8f4dd49dc6,1275000300001,Bus,3,Södersjukhuset,740046092,24
pattern-eb6424f52694,1275000300001,Bus,3,Södersjukhuset,740046046,1
pattern-eb6424f52694,1275000300001,Bus,3,Södersjukhuset,740046047,2
pattern-eb6424f52694,1275000300001,Bus,3,Södersjukhuset,740046048,3
pattern-eb6424f52694,1275000300001,Bus,3,Södersjukhuset,740046088,4
pattern-eb6424f52694,1275000300001,Bus,3,Södersjukhuset,740046089,5
pattern-eb6424f52694,1275000300001,Bus,3,Södersjukhuset,740021655,6
pattern-eb6424f52694,1275000300001,Bus,3,Södersjukhuset,740046090,7
pattern-eb6424f52694,1275000300001,Bus,3,Södersjukhuset,740046007,8
pattern-eb6424f52694,1275000300001,Bus,3,Södersjukhuset,740046092,9
pattern-1f6d51e9be1a,1275000400001,Bus,4,Gullmarsplan T-bana,740045992,1
pattern-1f6d51e9be1a,1275000400001,Bus,4,Gullmarsplan T-bana,740046150,2
pattern-1f6d51e9be1a,1275000400001,Bus,4,Gullmarsplan T-bana,740046032,3
pattern-1f6d51e9be1a,1275000400001,Bus,4,Gullmarsplan T-bana,740045967,4
pattern-1f6d51e9be1a,1275000400001,Bus,4,Gullmarsplan T-bana,740045277,5
pattern-1f6d51e9be1a,1275000400001,Bus,4,Gullmarsplan T-bana,740020741,6
pattern-1f6d51e9be1a,1275000400001,Bus,4,Gullmarsplan T-bana,740011606,7
pattern-1f6d51e9be1a,1275000400001,Bus,4,Gullmarsplan T-bana,740046028,8
pattern-1f6d51e9be1a,1275000400001,Bus,4,Gullmarsplan T-bana,740046027,9
pattern-1f6d51e9be1a,1275000400001,Bus,4,Gullmarsplan T-bana,740046026,10
pattern-1f6d51e9be1a,1275000400001,Bus,4,Gullmarsplan T-bana,odenplan,11
pattern-1f6d51e9be1a,1275000400001,Bus,4,Gullmarsplan T-bana,740046025,12
pattern-1f6d51e9be1a,1275000400001,Bus,4,Gullmarsplan T-bana,740021665,13
pattern-1f6d51e9be1a,1275000400001,Bus,4,Gullmarsplan T-bana,740046075,14
pattern-1f6d51e9be1a,1275000400001,Bus,4,Gullmarsplan T-bana,740021661,15
pattern-1f6d51e9be1a,1275000400001,Bus,4,Gullmarsplan T-bana,740046154,16
pattern-1f6d51e9be1a,1275000400001,Bus,4,Gullmarsplan T-bana,740021658,17
pattern-1f6d51e9be1a,1275000400001,Bus,4,Gullmarsplan T-bana,740046156,18
pattern-1f6d51e9be1a,1275000400001,Bus,4,Gullmarsplan T-bana,740021657,19
pattern-1f6d51e9be1a,1275000400001,Bus,4,Gullmarsplan T-bana,740046158,20
pattern-1f6d51e9be1a,1275000400001,Bus,4,Gullmarsplan T-bana,740045462,21
pattern-1f6d51e9be1a,1275000400001,Bus,4,Gullmarsplan T-bana,740046007,22
pattern-1f6d51e9be1a,1275000400001,Bus,4,Gullmarsplan T-bana,740046090,23
pattern-1f6d51e9be1a,1275000400001,Bus,4,Gullmarsplan T-bana,740021655,24
pattern-654a04aa2339,1275000400001,Bus,4,Gullmarsplan T-bana,740045992,1
pattern-654a04aa2339,1275000400001,Bus,4,Gullmarsplan T-bana,740046150,2
pattern-654a04aa2339,1275000400001,Bus,4,Gullmarsplan T-bana,740046032,3
pattern-654a04aa2339,1275000400001,Bus,4,Gullmarsplan T-bana,740045967,4
pattern-654a04aa2339,1275000400001,Bus,4,Gullmarsplan T-bana,740045277,5
pattern-654a04aa2339,1275000400001,Bus,4,Gullmarsplan T-bana,740020741,6
pattern-654a04aa2339,1275000400001,Bus,4,Gullmarsplan T-bana,740011606,7
pattern-654a04aa2339,1275000400001,Bus,4,Gullmarsplan T-bana,740046028,8
pattern-654a04aa2339,1275000400001,Bus,4,Gullmarsplan T-bana,740046027,9
pattern-654a04aa2339,1275000400001,Bus,4,Gullmarsplan T-bana,740046026,10
pattern-654a04aa2339,1275000400001,Bus,4,Gullmarsplan T-bana,odenplan,11
pattern-654a04aa2339,1275000400001,Bus,4,Gullmarsplan T-bana,740046025,12
pattern-654a04aa2339,1275000400001,Bus,4,Gullmarsplan T-bana,740021665,13
pattern-654a04aa2339,1275000400001,Bus,4,Gullmarsplan T-bana,740021661,14
pattern-654a04aa2339,1275000400001,Bus,4,Gullmarsplan T-bana,740046154,15
pattern-654a04aa2339,1275000400001,Bus,4,Gullmarsplan T-bana,740021658,16
pattern-654a04aa2339,1275000400001,Bus,4,Gullmarsplan T-bana,740046156,17
pattern-654a04aa2339,1275000400001,Bus,4,Gullmarsplan T-bana,740021657,18
pattern-654a04aa2339,1275000400001,Bus,4,Gullmarsplan T-bana,740046158,19
pattern-654a04aa2339,1275000400001,Bus,4,Gullmarsplan T-bana,740045462,20
pattern-654a04aa2339,1275000400001,Bus,4,Gullmarsplan T-bana,740046007,21
pattern-654a04aa2339,1275000400001,Bus,4,Gullmarsplan T-bana,740046090,22
pattern-654a04aa2339,1275000400001,Bus,4,Gullmarsplan T-bana,740021655,23
pattern-a4b88fbc44f3,1275000400001,Bus,4,Gullmarsplan T-bana,740045992,1
pattern-a4b88fbc44f3,1275000400001,Bus,4,Gullmarsplan T-bana,740046150,2
pattern-a4b88fbc44f3,1275000400001,Bus,4,Gullmarsplan T-bana,740046032,3
pattern-a4b88fbc44f3,1275000400001,Bus,4,Gullmarsplan T-bana,740045967,4
pattern-a4b88fbc44f3,1275000400001,Bus,4,Gullmarsplan T-bana,740045277,5
pattern-a4b88fbc44f3,1275000400001,Bus,4,Gullmarsplan T-bana,740020741,6
pattern-a4b88fbc44f3,1275000400001,Bus,4,Gullmarsplan T-bana,740011606,7
pattern-a4b88fbc44f3,1275000400001,Bus,4,Gullmarsplan T-bana,740046028,8
pattern-a4b88fbc44f3,1275000400001,Bus,4,Gullmarsplan T-bana,740046027,9
pattern-a4b88fbc44f3,1275000400001,Bus,4,Gullmarsplan T-bana,740046026,10
pattern-a4b88fbc44f3,1275000400001,Bus,4,Gullmarsplan T-bana,odenplan,11
pattern-a4b88fbc44f3,1275000400001,Bus,4,Gullmarsplan T-bana,740046025,12
pattern-a4b88fbc44f3,1275000400001,Bus,4,Gullmarsplan T-bana,740021665,13
pattern-a4b88fbc44f3,1275000400001,Bus,4,Gullmarsplan T-bana,740046075,14
pattern-a4b88fbc44f3,1275000400001,Bus,4,Gullmarsplan T-bana,740021661,15
pattern-a4b88fbc44f3,1275000400001,Bus,4,Gullmarsplan T-bana,740046154,16
pattern-a4b88fbc44f3,1275000400001,Bus,4,Gullmarsplan T-bana,740021658,17
pattern-a4b88fbc44f3,1275000400001,Bus,4,Gullmarsplan T-bana,740065626,18
pattern-a9e71d6c13d9,1275000400001,Bus,4,Radiohuset,740021655,1
pattern-a9e71d6c13d9,1275000400001,Bus,4,Radiohuset,740046090,2
pattern-a9e71d6c13d9,1275000400001,Bus,4,Radiohuset,740046007,3
pattern-a9e71d6c13d9,1275000400001,Bus,4,Radiohuset,740045462,4
pattern-a9e71d6c13d9,1275000400001,Bus,4,Radiohuset,740046159,5
pattern-a9e71d6c13d9,1275000400001,Bus,4,Radiohuset,740021657,6
pattern-a9e71d6c13d9,1275000400001,Bus,4,Radiohuset,740046156,7
pattern-a9e71d6c13d9,1275000400001,Bus,4,Radiohuset,740021658,8
pattern-a9e71d6c13d9,1275000400001,Bus,4,Radiohuset,740046154,9
pattern-a9e71d6c13d9,1275000400001,Bus,4,Radiohuset,740021661,10
pattern-a9e71d6c13d9,1275000400001,Bus,4,Radiohuset,740046075,11
pattern-a9e71d6c13d9,1275000400001,Bus,4,Radiohuset,740021665,12
pattern-a9e71d6c13d9,1275000400001,Bus,4,Radiohuset,740046025,13
pattern-a9e71d6c13d9,1275000400001,Bus,4,Radiohuset,odenplan,14
pattern-a9e71d6c13d9,1275000400001,Bus,4,Radiohuset,740046026,15
pattern-a9e71d6c13d9,1275000400001,Bus,4,Radiohuset,740046027,16
pattern-a9e71d6c13d9,1275000400001,Bus,4,Radiohuset,740046029,17
pattern-a9e71d6c13d9,1275000400001,Bus,4,Radiohuset,740011606,18
pattern-a9e71d6c13d9,1275000400001,Bus,4,Radiohuset,740020741,19
pattern-a9e71d6c13d9,1275000400001,Bus,4,Radiohuset,740045277,20
pattern-a9e71d6c13d9,1275000400001,Bus,4,Radiohuset,740045967,21
pattern-a9e71d6c13d9,1275000400001,Bus,4,Radiohuset,740046032,22
pattern-a9e71d6c13d9,1275000400001,Bus,4,Radiohuset,740046150,23
pattern-a9e71d6c13d9,1275000400001,Bus,4,Radiohuset,740045992,24
pattern-dfb55d51ab48,1275000400001,Bus,4,Radiohuset,740065626,1
pattern-dfb55d51ab48,1275000400001,Bus,4,Radiohuset,740021658,2
pattern-dfb55d51ab48,1275000400001,Bus,4,Radiohuset,740046154,3
pattern-dfb55d51ab48,1275000400001,Bus,4,Radiohuset,740021661,4
pattern-dfb55d51ab48,1275000400001,Bus,4,Radiohuset,740046075,5
pattern-dfb55d51ab48,1275000400001,Bus,4,Radiohuset,740021665,6
pattern-dfb55d51ab48,1275000400001,Bus,4,Radiohuset,740046025,7
pattern-dfb55d51ab48,1275000400001,Bus,4,Radiohuset,odenplan,8
pattern-dfb55d51ab48,1275000400001,Bus,4,Radiohuset,740046026,9
pattern-dfb55d51ab48,1275000400001,Bus,4,Radiohuset,740046027,10
pattern-dfb55d51ab48,1275000400001,Bus,4,Radiohuset,740046029,11
pattern-dfb55d51ab48,1275000400001,Bus,4,Radiohuset,740011606,12
pattern-dfb55d51ab48,1275000400001,Bus,4,Radiohuset,740020741,13
pattern-dfb55d51ab48,1275000400001,Bus,4,Radiohuset,740045277,14
pattern-dfb55d51ab48,1275000400001,Bus,4,Radiohuset,740045967,15
pattern-dfb55d51ab48,1275000400001,Bus,4,Radiohuset,740046032,16
pattern-dfb55d51ab48,1275000400001,Bus,4,Radiohuset,740046150,17
pattern-dfb55d51ab48,1275000400001,Bus,4,Radiohuset,740045992,18
pattern-7e37b8c6b0a4,1275005000001,Bus,50,Lektorsstigen,odenplan,1
pattern-7e37b8c6b0a4,1275005000001,Bus,50,Lektorsstigen,740046026,2
pattern-7e37b8c6b0a4,1275005000001,Bus,50,Lektorsstigen,740045996,3
pattern-7e37b8c6b0a4,1275005000001,Bus,50,Lektorsstigen,740045995,4
pattern-7e37b8c6b0a4,1275005000001,Bus,50,Lektorsstigen,740046136,5
pattern-7e37b8c6b0a4,1275005000001,Bus,50,Lektorsstigen,740068909,6
pattern-030201c7487e,1275005000001,Bus,50,Odenplan T-bana,740046136,1
pattern-030201c7487e,1275005000001,Bus,50,Odenplan T-bana,740045995,2
pattern-030201c7487e,1275005000001,Bus,50,Odenplan T-bana,740045996,3
pattern-030201c7487e,1275005000001,Bus,50,Odenplan T-bana,740046027,4
pattern-030201c7487e,1275005000001,Bus,50,Odenplan T-bana,740046026,5
pattern-030201c7487e,1275005000001,Bus,50,Odenplan T-bana,odenplan,6
pattern-6872a0e98e74,1275005000001,Bus,50,Odenplan T-bana,740068909,1
pattern-6872a0e98e74,1275005000001,Bus,50,Odenplan T-bana,740046136,2
pattern-6872a0e98e74,1275005000001,Bus,50,Odenplan T-bana,740045995,3
pattern-6872a0e98e74,1275005000001,Bus,50,Odenplan T-bana,740045996,4
pattern-6872a0e98e74,1275005000001,Bus,50,Odenplan T-bana,740046027,5
pattern-6872a0e98e74,1275005000001,Bus,50,Odenplan T-bana,740046026,6
pattern-6872a0e98e74,1275005000001,Bus,50,Odenplan T-bana,odenplan,7
pattern-a0bf2bc8472f,1275005000001,Bus,50,Universitetet T-bana,odenplan,1
pattern-a0bf2bc8472f,1275005000001,Bus,50,Universitetet T-bana,740046026,2
pattern-a0bf2bc8472f,1275005000001,Bus,50,Universitetet T-bana,740045996,3
pattern-a0bf2bc8472f,1275005000001,Bus,50,Universitetet T-bana,740045995,4
pattern-a0bf2bc8472f,1275005000001,Bus,50,Universitetet T-bana,740046136,5
pattern-a0bf2bc8472f,1275005000001,Bus,50,Universitetet T-bana,740068909,6
pattern-5f117a5a5667,1275005300001,Bus,53,Henriksdalsberget,740038313,1
pattern-5f117a5a5667,1275005300001,Bus,53,Henriksdalsberget,740070759,2
pattern-5f117a5a5667,1275005300001,Bus,53,Henriksdalsberget,740046149,3
pattern-acca9ad6b715,1275005300001,Bus,53,Henriksdalsberget,740046068,1
pattern-acca9ad6b715,1275005300001,Bus,53,Henriksdalsberget,740046058,2
pattern-acca9ad6b715,1275005300001,Bus,53,Henriksdalsberget,740046021,3
pattern-acca9ad6b715,1275005300001,Bus,53,Henriksdalsberget,740046023,4
pattern-acca9ad6b715,1275005300001,Bus,53,Henriksdalsberget,740046024,5
pattern-acca9ad6b715,1275005300001,Bus,53,Henriksdalsberget,odenplan,6
pattern-acca9ad6b715,1275005300001,Bus,53,Henriksdalsberget,740046138,7
pattern-acca9ad6b715,1275005300001,Bus,53,Henriksdalsberget,740046061,8
pattern-acca9ad6b715,1275005300001,Bus,53,Henriksdalsberget,740046062,9
pattern-acca9ad6b715,1275005300001,Bus,53,Henriksdalsberget,740046063,10
pattern-acca9ad6b715,1275005300001,Bus,53,Henriksdalsberget,740023844,11
pattern-acca9ad6b715,1275005300001,Bus,53,Henriksdalsberget,740046083,12
pattern-acca9ad6b715,1275005300001,Bus,53,Henriksdalsberget,740046084,13
pattern-acca9ad6b715,1275005300001,Bus,53,Henriksdalsberget,740046085,14
pattern-acca9ad6b715,1275005300001,Bus,53,Henriksdalsberget,740046086,15
pattern-acca9ad6b715,1275005300001,Bus,53,Henriksdalsberget,slussen,16
pattern-acca9ad6b715,1275005300001,Bus,53,Henriksdalsberget,740046047,17
pattern-acca9ad6b715,1275005300001,Bus,53,Henriksdalsberget,740046051,18
pattern-acca9ad6b715,1275005300001,Bus,53,Henriksdalsberget,740046141,19
pattern-acca9ad6b715,1275005300001,Bus,53,Henriksdalsberget,740046143,20
pattern-acca9ad6b715,1275005300001,Bus,53,Henriksdalsberget,740070759,21
pattern-acca9ad6b715,1275005300001,Bus,53,Henriksdalsberget,740046149,22
pattern-da192dc5cce2,1275005300001,Bus,53,Henriksdalsberget,740046051,1
pattern-da192dc5cce2,1275005300001,Bus,53,Henriksdalsberget,740046141,2
pattern-da192dc5cce2,1275005300001,Bus,53,Henriksdalsberget,740046143,3
pattern-da192dc5cce2,1275005300001,Bus,53,Henriksdalsberget,740070759,4
pattern-da192dc5cce2,1275005300001,Bus,53,Henriksdalsberget,740046149,5
pattern-f3012ca180f7,1275005300001,Bus,53,Henriksdalsberget,740046046,1
pattern-f3012ca180f7,1275005300001,Bus,53,Henriksdalsberget,740046047,2
pattern-f3012ca180f7,1275005300001,Bus,53,Henriksdalsberget,740046051,3
pattern-f3012ca180f7,1275005300001,Bus,53,Henriksdalsberget,740046141,4
pattern-f3012ca180f7,1275005300001,Bus,53,Henriksdalsberget,740046143,5
pattern-f3012ca180f7,1275005300001,Bus,53,Henriksdalsberget,740070759,6
pattern-f3012ca180f7,1275005300001,Bus,53,Henriksdalsberget,740046149,7
pattern-25a3109c025f,1275005300001,Bus,53,Karolinska institutet västra,740046149,1
pattern-25a3109c025f,1275005300001,Bus,53,Karolinska institutet västra,740070759,2
pattern-25a3109c025f,1275005300001,Bus,53,Karolinska institutet västra,740046141,3
pattern-25a3109c025f,1275005300001,Bus,53,Karolinska institutet västra,740046142,4
pattern-25a3109c025f,1275005300001,Bus,53,Karolinska institutet västra,740046051,5
pattern-25a3109c025f,1275005300001,Bus,53,Karolinska institutet västra,740046047,6
pattern-25a3109c025f,1275005300001,Bus,53,Karolinska institutet västra,slussen,7
pattern-25a3109c025f,1275005300001,Bus,53,Karolinska institutet västra,740046085,8
pattern-25a3109c025f,1275005300001,Bus,53,Karolinska institutet västra,740046084,9
pattern-25a3109c025f,1275005300001,Bus,53,Karolinska institutet västra,740046083,10
pattern-25a3109c025f,1275005300001,Bus,53,Karolinska institutet västra,740004383,11
pattern-25a3109c025f,1275005300001,Bus,53,Karolinska institutet västra,740046063,12
pattern-25a3109c025f,1275005300001,Bus,53,Karolinska institutet västra,740046062,13
pattern-25a3109c025f,1275005300001,Bus,53,Karolinska institutet västra,740046061,14
pattern-25a3109c025f,1275005300001,Bus,53,Karolinska institutet västra,740046138,15
pattern-25a3109c025f,1275005300001,Bus,53,Karolinska institutet västra,odenplan,16
pattern-25a3109c025f,1275005300001,Bus,53,Karolinska institutet västra,740046024,17
pattern-25a3109c025f,1275005300001,Bus,53,Karolinska institutet västra,740046023,18
pattern-25a3109c025f,1275005300001,Bus,53,Karolinska institutet västra,740046021,19
pattern-25a3109c025f,1275005300001,Bus,53,Karolinska institutet västra,740046058,20
pattern-25a3109c025f,1275005300001,Bus,53,Karolinska institutet västra,740046068,21
pattern-32c1d69426e5,1275005300001,Bus,53,Karolinska institutet västra,odenplan,1
pattern-32c1d69426e5,1275005300001,Bus,53,Karolinska institutet västra,740046024,2
pattern-32c1d69426e5,1275005300001,Bus,53,Karolinska institutet västra,740046023,3
pattern-32c1d69426e5,1275005300001,Bus,53,Karolinska institutet västra,740046021,4
pattern-32c1d69426e5,1275005300001,Bus,53,Karolinska institutet västra,740046058,5
pattern-32c1d69426e5,1275005300001,Bus,53,Karolinska institutet västra,740046068,6
pattern-d8f1d6a9cdc3,1275005300001,Bus,53,Karolinska institutet västra,slussen,1
pattern-d8f1d6a9cdc3,1275005300001,Bus,53,Karolinska institutet västra,740046085,2
pattern-d8f1d6a9cdc3,1275005300001,Bus,53,Karolinska institutet västra,740046084,3
pattern-d8f1d6a9cdc3,1275005300001,Bus,53,Karolinska institutet västra,740046083,4
pattern-d8f1d6a9cdc3,1275005300001,Bus,53,Karolinska institutet västra,740004383,5
pattern-d8f1d6a9cdc3,1275005300001,Bus,53,Karolinska institutet västra,740046063,6
pattern-d8f1d6a9cdc3,1275005300001,Bus,53,Karolinska institutet västra,740046062,7
pattern-d8f1d6a9cdc3,1275005300001,Bus,53,Karolinska institutet västra,740046061,8
pattern-d8f1d6a9cdc3,1275005300001,Bus,53,Karolinska institutet västra,740046138,9
pattern-d8f1d6a9cdc3,1275005300001,Bus,53,Karolinska institutet västra,odenplan,10
pattern-d8f1d6a9cdc3,1275005300001,Bus,53,Karolinska institutet västra,740046024,11
pattern-d8f1d6a9cdc3,1275005300001,Bus,53,Karolinska institutet västra,740046023,12
pattern-d8f1d6a9cdc3,1275005300001,Bus,53,Karolinska institutet västra,740046021,13
pattern-d8f1d6a9cdc3,1275005300001,Bus,53,Karolinska institutet västra,740046058,14
pattern-d8f1d6a9cdc3,1275005300001,Bus,53,Karolinska institutet västra,740046068,15
pattern-9e72a00d9b3b,1275005300001,Bus,53,Odenplan T-bana,740046068,1
pattern-9e72a00d9b3b,1275005300001,Bus,53,Odenplan T-bana,740046058,2
pattern-9e72a00d9b3b,1275005300001,Bus,53,Odenplan T-bana,740046021,3
pattern-9e72a00d9b3b,1275005300001,Bus,53,Odenplan T-bana,740046023,4
pattern-9e72a00d9b3b,1275005300001,Bus,53,Odenplan T-bana,740046024,5
pattern-9e72a00d9b3b,1275005300001,Bus,53,Odenplan T-bana,odenplan,6
pattern-b1e6764ee8db,1275005300001,Bus,53,Slussen T-bana,740046068,1
pattern-b1e6764ee8db,1275005300001,Bus,53,Slussen T-bana,740046058,2
pattern-b1e6764ee8db,1275005300001,Bus,53,Slussen T-bana,740046021,3
pattern-b1e6764ee8db,1275005300001,Bus,53,Slussen T-bana,740046023,4
pattern-b1e6764ee8db,1275005300001,Bus,53,Slussen T-bana,740046024,5
pattern-b1e6764ee8db,1275005300001,Bus,53,Slussen T-bana,odenplan,6
pattern-b1e6764ee8db,1275005300001,Bus,53,Slussen T-bana,740046138,7
pattern-b1e6764ee8db,1275005300001,Bus,53,Slussen T-bana,740046061,8
pattern-b1e6764ee8db,1275005300001,Bus,53,Slussen T-bana,740046062,9
pattern-b1e6764ee8db,1275005300001,Bus,53,Slussen T-bana,740046063,10
pattern-b1e6764ee8db,1275005300001,Bus,53,Slussen T-bana,740023844,11
pattern-b1e6764ee8db,1275005300001,Bus,53,Slussen T-bana,740046083,12
pattern-b1e6764ee8db,1275005300001,Bus,53,Slussen T-bana,740046084,13
pattern-b1e6764ee8db,1275005300001,Bus,53,Slussen T-bana,740046085,14
pattern-b1e6764ee8db,1275005300001,Bus,53,Slussen T-bana,740046086,15
pattern-b1e6764ee8db,1275005300001,Bus,53,Slussen T-bana,slussen,16
pattern-dd3ba90220ab,1275005300001,Bus,53,Stockholm Ersta sjukhus,740046149,1
pattern-dd3ba90220ab,1275005300001,Bus,53,Stockholm Ersta sjukhus,740070759,2
pattern-dd3ba90220ab,1275005300001,Bus,53,Stockholm Ersta sjukhus,740046231,3
pattern-dd3ba90220ab,1275005300001,Bus,53,Stockholm Ersta sjukhus,740046053,4
pattern-dd3ba90220ab,1275005300001,Bus,53,Stockholm Ersta sjukhus,740046052,5
pattern-dd3ba90220ab,1275005300001,Bus,53,Stockholm Ersta sjukhus,740046051,6
pattern-1c09087d8064,1275005300001,Bus,53,Stockholm Glasbruksgatan,740046149,1
pattern-1c09087d8064,1275005300001,Bus,53,Stockholm Glasbruksgatan,740070759,2
pattern-1c09087d8064,1275005300001,Bus,53,Stockholm Glasbruksgatan,740046141,3
pattern-1c09087d8064,1275005300001,Bus,53,Stockholm Glasbruksgatan,740046142,4
pattern-1c09087d8064,1275005300001,Bus,53,Stockholm Glasbruksgatan,740046051,5
pattern-1c09087d8064,1275005300001,Bus,53,Stockholm Glasbruksgatan,740046047,6
pattern-1c09087d8064,1275005300001,Bus,53,Stockholm Glasbruksgatan,740046046,7
pattern-02c34eb0babb,1275005300001,Bus,53,Stockholm Sickla udde,740046149,1
pattern-02c34eb0babb,1275005300001,Bus,53,Stockholm Sickla udde,740070759,2
pattern-02c34eb0babb,1275005300001,Bus,53,Stockholm Sickla udde,740024927,3
pattern-5ed703ab78b1,1275005400001,Bus,54,Fridhemsplan T-bana,740021658,1
pattern-5ed703ab78b1,1275005400001,Bus,54,Fridhemsplan T-bana,740046155,2
pattern-5ed703ab78b1,1275005400001,Bus,54,Fridhemsplan T-bana,740046154,3
pattern-5ed703ab78b1,1275005400001,Bus,54,Fridhemsplan T-bana,740046095,4
pattern-5ed703ab78b1,1275005400001,Bus,54,Fridhemsplan T-bana,740021661,5
pattern-ca48363f0f86,1275005400001,Bus,54,Fridhemsplan T-bana,740046222,1
pattern-ca48363f0f86,1275005400001,Bus,54,Fridhemsplan T-bana,740046224,2
pattern-ca48363f0f86,1275005400001,Bus,54,Fridhemsplan T-bana,740046226,3
pattern-ca48363f0f86,1275005400001,Bus,54,Fridhemsplan T-bana,740046151,4
pattern-ca48363f0f86,1275005400001,Bus,54,Fridhemsplan T-bana,740021658,5
pattern-ca48363f0f86,1275005400001,Bus,54,Fridhemsplan T-bana,740046155,6
pattern-ca48363f0f86,1275005400001,Bus,54,Fridhemsplan T-bana,740046154,7
pattern-ca48363f0f86,1275005400001,Bus,54,Fridhemsplan T-bana,740046095,8
pattern-ca48363f0f86,1275005400001,Bus,54,Fridhemsplan T-bana,740021661,9
pattern-907d55780c0b,1275005400001,Bus,54,Hornstull T-bana,740021661,1
pattern-907d55780c0b,1275005400001,Bus,54,Hornstull T-bana,740046095,2
pattern-907d55780c0b,1275005400001,Bus,54,Hornstull T-bana,740046154,3
pattern-907d55780c0b,1275005400001,Bus,54,Hornstull T-bana,740046155,4
pattern-907d55780c0b,1275005400001,Bus,54,Hornstull T-bana,740021658,5
pattern-c8015f1dbfd9,1275005400001,Bus,54,Stockholm Reimersholme,740021661,1
pattern-c8015f1dbfd9,1275005400001,Bus,54,Stockholm Reimersholme,740046095,2
pattern-c8015f1dbfd9,1275005400001,Bus,54,Stockholm Reimersholme,740046154,3
pattern-c8015f1dbfd9,1275005400001,Bus,54,Stockholm Reimersholme,740046155,4
pattern-c8015f1dbfd9,1275005400001,Bus,54,Stockholm Reimersholme,740021658,5
pattern-c8015f1dbfd9,1275005400001,Bus,54,Stockholm Reimersholme,740046151,6
pattern-c8015f1dbfd9,1275005400001,Bus,54,Stockholm Reimersholme,740046226,7
pattern-c8015f1dbfd9,1275005400001,Bus,54,Stockholm Reimersholme,740046225,8
pattern-c8015f1dbfd9,1275005400001,Bus,54,Stockholm Reimersholme,740046222,9
pattern-1365e95c12db,1275005500001,Bus,55,Finnberget,740046010,1
pattern-1365e95c12db,1275005500001,Bus,55,Finnberget,740046005,2
pattern-1365e95c12db,1275005500001,Bus,55,Finnberget,740046008,3
pattern-1365e95c12db,1275005500001,Bus,55,Finnberget,740046007,4
pattern-1365e95c12db,1275005500001,Bus,55,Finnberget,740046090,5
pattern-1365e95c12db,1275005500001,Bus,55,Finnberget,740021655,6
pattern-1365e95c12db,1275005500001,Bus,55,Finnberget,740046122,7
pattern-1365e95c12db,1275005500001,Bus,55,Finnberget,740046211,8
pattern-1365e95c12db,1275005500001,Bus,55,Finnberget,740046210,9
pattern-1365e95c12db,1275005500001,Bus,55,Finnberget,740046213,10
pattern-1365e95c12db,1275005500001,Bus,55,Finnberget,740046212,11
pattern-1365e95c12db,1275005500001,Bus,55,Finnberget,740046231,12
pattern-1365e95c12db,1275005500001,Bus,55,Finnberget,740046053,13
pattern-1365e95c12db,1275005500001,Bus,55,Finnberget,740046052,14
pattern-1365e95c12db,1275005500001,Bus,55,Finnberget,740046051,15
pattern-1365e95c12db,1275005500001,Bus,55,Finnberget,740046141,16
pattern-1365e95c12db,1275005500001,Bus,55,Finnberget,740046143,17
pattern-1365e95c12db,1275005500001,Bus,55,Finnberget,740024806,18
pattern-1365e95c12db,1275005500001,Bus,55,Finnberget,740046144,19
pattern-1365e95c12db,1275005500001,Bus,55,Finnberget,740046147,20
pattern-1365e95c12db,1275005500001,Bus,55,Finnberget,740046145,21
pattern-1365e95c12db,1275005500001,Bus,55,Finnberget,740046148,22
pattern-1365e95c12db,1275005500001,Bus,55,Finnberget,740046149,23
pattern-1365e95c12db,1275005500001,Bus,55,Finnberget,740046234,24
pattern-54f93d8fda79,1275005500001,Bus,55,Finnberget,740046010,1
pattern-54f93d8fda79,1275005500001,Bus,55,Finnberget,740046005,2
pattern-54f93d8fda79,1275005500001,Bus,55,Finnberget,740046008,3
pattern-54f93d8fda79,1275005500001,Bus,55,Finnberget,740046193,4
pattern-54f93d8fda79,1275005500001,Bus,55,Finnberget,740046192,5
pattern-54f93d8fda79,1275005500001,Bus,55,Finnberget,740046189,6
pattern-54f93d8fda79,1275005500001,Bus,55,Finnberget,740046009,7
pattern-54f93d8fda79,1275005500001,Bus,55,Finnberget,740046006,8
pattern-54f93d8fda79,1275005500001,Bus,55,Finnberget,740046055,9
pattern-54f93d8fda79,1275005500001,Bus,55,Finnberget,740046090,10
pattern-54f93d8fda79,1275005500001,Bus,55,Finnberget,740021655,11
pattern-54f93d8fda79,1275005500001,Bus,55,Finnberget,740046089,12
pattern-54f93d8fda79,1275005500001,Bus,55,Finnberget,740046088,13
pattern-54f93d8fda79,1275005500001,Bus,55,Finnberget,740046048,14
pattern-54f93d8fda79,1275005500001,Bus,55,Finnberget,740046051,15
pattern-54f93d8fda79,1275005500001,Bus,55,Finnberget,740046141,16
pattern-54f93d8fda79,1275005500001,Bus,55,Finnberget,740046143,17
pattern-54f93d8fda79,1275005500001,Bus,55,Finnberget,740024806,18
pattern-54f93d8fda79,1275005500001,Bus,55,Finnberget,740046144,19
pattern-54f93d8fda79,1275005500001,Bus,55,Finnberget,740046147,20
pattern-54f93d8fda79,1275005500001,Bus,55,Finnberget,740046145,21
pattern-54f93d8fda79,1275005500001,Bus,55,Finnberget,740046148,22
pattern-54f93d8fda79,1275005500001,Bus,55,Finnberget,740046149,23
pattern-54f93d8fda79,1275005500001,Bus,55,Finnberget,740046234,24
pattern-55f7253675e0,1275005500001,Bus,55,Finnberget,740046010,1
pattern-55f7253675e0,1275005500001,Bus,55,Finnberget,740046005,2
pattern-55f7253675e0,1275005500001,Bus,55,Finnberget,740046008,3
pattern-55f7253675e0,1275005500001,Bus,55,Finnberget,740046193,4
pattern-55f7253675e0,1275005500001,Bus,55,Finnberget,740046192,5
pattern-55f7253675e0,1275005500001,Bus,55,Finnberget,740045463,6
pattern-55f7253675e0,1275005500001,Bus,55,Finnberget,740046170,7
pattern-55f7253675e0,1275005500001,Bus,55,Finnberget,740046169,8
pattern-55f7253675e0,1275005500001,Bus,55,Finnberget,740046168,9
pattern-55f7253675e0,1275005500001,Bus,55,Finnberget,740039043,10
pattern-55f7253675e0,1275005500001,Bus,55,Finnberget,slussen,11
pattern-55f7253675e0,1275005500001,Bus,55,Finnberget,740046047,12
pattern-55f7253675e0,1275005500001,Bus,55,Finnberget,740046051,13
pattern-55f7253675e0,1275005500001,Bus,55,Finnberget,740046141,14
pattern-55f7253675e0,1275005500001,Bus,55,Finnberget,740046143,15
pattern-55f7253675e0,1275005500001,Bus,55,Finnberget,740024806,16
pattern-55f7253675e0,1275005500001,Bus,55,Finnberget,740046144,17
pattern-55f7253675e0,1275005500001,Bus,55,Finnberget,740046147,18
pattern-55f7253675e0,1275005500001,Bus,55,Finnberget,740046145,19
pattern-55f7253675e0,1275005500001,Bus,55,Finnberget,740046148,20
pattern-55f7253675e0,1275005500001,Bus,55,Finnberget,740046149,21
pattern-55f7253675e0,1275005500001,Bus,55,Finnberget,740046234,22
pattern-a2a8e28a4f23,1275005500001,Bus,55,Finnberget,740046010,1
pattern-a2a8e28a4f23,1275005500001,Bus,55,Finnberget,740046005,2
pattern-a2a8e28a4f23,1275005500001,Bus,55,Finnberget,740046008,3
pattern-a2a8e28a4f23,1275005500001,Bus,55,Finnberget,740046007,4
pattern-a2a8e28a4f23,1275005500001,Bus,55,Finnberget,740046090,5
pattern-a2a8e28a4f23,1275005500001,Bus,55,Finnberget,740021655,6
pattern-a2a8e28a4f23,1275005500001,Bus,55,Finnberget,740046122,7
pattern-a2a8e28a4f23,1275005500001,Bus,55,Finnberget,740046211,8
pattern-a2a8e28a4f23,1275005500001,Bus,55,Finnberget,740046210,9
pattern-a2a8e28a4f23,1275005500001,Bus,55,Finnberget,740046213,10
pattern-a2a8e28a4f23,1275005500001,Bus,55,Finnberget,740046212,11
pattern-a2a8e28a4f23,1275005500001,Bus,55,Finnberget,740046231,12
pattern-a2a8e28a4f23,1275005500001,Bus,55,Finnberget,740046143,13
pattern-a2a8e28a4f23,1275005500001,Bus,55,Finnberget,740024806,14
pattern-a2a8e28a4f23,1275005500001,Bus,55,Finnberget,740046144,15
pattern-a2a8e28a4f23,1275005500001,Bus,55,Finnberget,740046147,16
pattern-a2a8e28a4f23,1275005500001,Bus,55,Finnberget,740046145,17
pattern-a2a8e28a4f23,1275005500001,Bus,55,Finnberget,740046148,18
pattern-a2a8e28a4f23,1275005500001,Bus,55,Finnberget,740046149,19
pattern-a2a8e28a4f23,1275005500001,Bus,55,Finnberget,740046234,20
pattern-2bbd9857fe16,1275005500001,Bus,55,Henriksdalsberget,740046010,1
pattern-2bbd9857fe16,1275005500001,Bus,55,Henriksdalsberget,740046005,2
pattern-2bbd9857fe16,1275005500001,Bus,55,Henriksdalsberget,740046008,3
pattern-2bbd9857fe16,1275005500001,Bus,55,Henriksdalsberget,740046193,4
pattern-2bbd9857fe16,1275005500001,Bus,55,Henriksdalsberget,740046192,5
pattern-2bbd9857fe16,1275005500001,Bus,55,Henriksdalsberget,740045463,6
pattern-2bbd9857fe16,1275005500001,Bus,55,Henriksdalsberget,740046170,7
pattern-2bbd9857fe16,1275005500001,Bus,55,Henriksdalsberget,740046169,8
pattern-2bbd9857fe16,1275005500001,Bus,55,Henriksdalsberget,740046168,9
pattern-2bbd9857fe16,1275005500001,Bus,55,Henriksdalsberget,740039043,10
pattern-2bbd9857fe16,1275005500001,Bus,55,Henriksdalsberget,slussen,11
pattern-2bbd9857fe16,1275005500001,Bus,55,Henriksdalsberget,740046047,12
pattern-2bbd9857fe16,1275005500001,Bus,55,Henriksdalsberget,740046051,13
pattern-2bbd9857fe16,1275005500001,Bus,55,Henriksdalsberget,740046141,14
pattern-2bbd9857fe16,1275005500001,Bus,55,Henriksdalsberget,740046143,15
pattern-2bbd9857fe16,1275005500001,Bus,55,Henriksdalsberget,740024806,16
pattern-2bbd9857fe16,1275005500001,Bus,55,Henriksdalsberget,740046144,17
pattern-2bbd9857fe16,1275005500001,Bus,55,Henriksdalsberget,740046147,18
pattern-2bbd9857fe16,1275005500001,Bus,55,Henriksdalsberget,740046145,19
pattern-2bbd9857fe16,1275005500001,Bus,55,Henriksdalsberget,740046148,20
pattern-2bbd9857fe16,1275005500001,Bus,55,Henriksdalsberget,740046149,21
pattern-40e75ba9dbf2,1275005500001,Bus,55,Henriksdalsberget,740046010,1
pattern-40e75ba9dbf2,1275005500001,Bus,55,Henriksdalsberget,740046005,2
pattern-40e75ba9dbf2,1275005500001,Bus,55,Henriksdalsberget,740046008,3
pattern-40e75ba9dbf2,1275005500001,Bus,55,Henriksdalsberget,740046193,4
pattern-40e75ba9dbf2,1275005500001,Bus,55,Henriksdalsberget,740046192,5
pattern-40e75ba9dbf2,1275005500001,Bus,55,Henriksdalsberget,740046189,6
pattern-40e75ba9dbf2,1275005500001,Bus,55,Henriksdalsberget,740046009,7
pattern-40e75ba9dbf2,1275005500001,Bus,55,Henriksdalsberget,740046006,8
pattern-40e75ba9dbf2,1275005500001,Bus,55,Henriksdalsberget,740046055,9
pattern-40e75ba9dbf2,1275005500001,Bus,55,Henriksdalsberget,740046090,10
pattern-40e75ba9dbf2,1275005500001,Bus,55,Henriksdalsberget,740021655,11
pattern-40e75ba9dbf2,1275005500001,Bus,55,Henriksdalsberget,740046089,12
pattern-40e75ba9dbf2,1275005500001,Bus,55,Henriksdalsberget,740046088,13
pattern-40e75ba9dbf2,1275005500001,Bus,55,Henriksdalsberget,740046048,14
pattern-40e75ba9dbf2,1275005500001,Bus,55,Henriksdalsberget,740046051,15
pattern-40e75ba9dbf2,1275005500001,Bus,55,Henriksdalsberget,740046141,16
pattern-40e75ba9dbf2,1275005500001,Bus,55,Henriksdalsberget,740046143,17
pattern-40e75ba9dbf2,1275005500001,Bus,55,Henriksdalsberget,740024806,18
pattern-40e75ba9dbf2,1275005500001,Bus,55,Henriksdalsberget,740046144,19
pattern-40e75ba9dbf2,1275005500001,Bus,55,Henriksdalsberget,740046147,20
pattern-40e75ba9dbf2,1275005500001,Bus,55,Henriksdalsberget,740046145,21
pattern-40e75ba9dbf2,1275005500001,Bus,55,Henriksdalsberget,740046148,22
pattern-40e75ba9dbf2,1275005500001,Bus,55,Henriksdalsberget,740046149,23
pattern-8a452cc25802,1275005500001,Bus,55,Henriksdalsberget,740046010,1
pattern-8a452cc25802,1275005500001,Bus,55,Henriksdalsberget,740046005,2
pattern-8a452cc25802,1275005500001,Bus,55,Henriksdalsberget,740046008,3
pattern-8a452cc25802,1275005500001,Bus,55,Henriksdalsberget,740046007,4
pattern-8a452cc25802,1275005500001,Bus,55,Henriksdalsberget,740046090,5
pattern-8a452cc25802,1275005500001,Bus,55,Henriksdalsberget,740021655,6
pattern-8a452cc25802,1275005500001,Bus,55,Henriksdalsberget,740046122,7
pattern-8a452cc25802,1275005500001,Bus,55,Henriksdalsberget,740046211,8
pattern-8a452cc25802,1275005500001,Bus,55,Henriksdalsberget,740046210,9
pattern-8a452cc25802,1275005500001,Bus,55,Henriksdalsberget,740046213,10
pattern-8a452cc25802,1275005500001,Bus,55,Henriksdalsberget,740046212,11
pattern-8a452cc25802,1275005500001,Bus,55,Henriksdalsberget,740046231,12
pattern-8a452cc25802,1275005500001,Bus,55,Henriksdalsberget,740046143,13
pattern-8a452cc25802,1275005500001,Bus,55,Henriksdalsberget,740024806,14
pattern-8a452cc25802,1275005500001,Bus,55,Henriksdalsberget,740046144,15
pattern-8a452cc25802,1275005500001,Bus,55,Henriksdalsberget,740046147,16
pattern-8a452cc25802,1275005500001,Bus,55,Henriksdalsberget,740046145,17
pattern-8a452cc25802,1275005500001,Bus,55,Henriksdalsberget,740046148,18
pattern-8a452cc25802,1275005500001,Bus,55,Henriksdalsberget,740046149,19
pattern-98ecd9748a99,1275005500001,Bus,55,Henriksdalsberget,740046051,1
pattern-98ecd9748a99,1275005500001,Bus,55,Henriksdalsberget,740046141,2
pattern-98ecd9748a99,1275005500001,Bus,55,Henriksdalsberget,740046143,3
pattern-98ecd9748a99,1275005500001,Bus,55,Henriksdalsberget,740024806,4
pattern-98ecd9748a99,1275005500001,Bus,55,Henriksdalsberget,740046144,5
pattern-98ecd9748a99,1275005500001,Bus,55,Henriksdalsberget,740046147,6
pattern-98ecd9748a99,1275005500001,Bus,55,Henriksdalsberget,740046145,7
pattern-98ecd9748a99,1275005500001,Bus,55,Henriksdalsberget,740046148,8
pattern-98ecd9748a99,1275005500001,Bus,55,Henriksdalsberget,740046149,9
pattern-e150975bf00a,1275005500001,Bus,55,Henriksdalsberget,740046010,1
pattern-e150975bf00a,1275005500001,Bus,55,Henriksdalsberget,740046005,2
pattern-e150975bf00a,1275005500001,Bus,55,Henriksdalsberget,740046008,3
pattern-e150975bf00a,1275005500001,Bus,55,Henriksdalsberget,740046007,4
pattern-e150975bf00a,1275005500001,Bus,55,Henriksdalsberget,740046090,5
pattern-e150975bf00a,1275005500001,Bus,55,Henriksdalsberget,740021655,6
pattern-e150975bf00a,1275005500001,Bus,55,Henriksdalsberget,740046122,7
pattern-e150975bf00a,1275005500001,Bus,55,Henriksdalsberget,740046211,8
pattern-e150975bf00a,1275005500001,Bus,55,Henriksdalsberget,740046210,9
pattern-e150975bf00a,1275005500001,Bus,55,Henriksdalsberget,740046213,10
pattern-e150975bf00a,1275005500001,Bus,55,Henriksdalsberget,740046212,11
pattern-e150975bf00a,1275005500001,Bus,55,Henriksdalsberget,740046231,12
pattern-e150975bf00a,1275005500001,Bus,55,Henriksdalsberget,740046053,13
pattern-e150975bf00a,1275005500001,Bus,55,Henriksdalsberget,740046052,14
pattern-e150975bf00a,1275005500001,Bus,55,Henriksdalsberget,740046051,15
pattern-e150975bf00a,1275005500001,Bus,55,Henriksdalsberget,740046141,16
pattern-e150975bf00a,1275005500001,Bus,55,Henriksdalsberget,740046143,17
pattern-e150975bf00a,1275005500001,Bus,55,Henriksdalsberget,740024806,18
pattern-e150975bf00a,1275005500001,Bus,55,Henriksdalsberget,740046144,19
pattern-e150975bf00a,1275005500001,Bus,55,Henriksdalsberget,740046147,20
pattern-e150975bf00a,1275005500001,Bus,55,Henriksdalsberget,740046145,21
pattern-e150975bf00a,1275005500001,Bus,55,Henriksdalsberget,740046148,22
pattern-e150975bf00a,1275005500001,Bus,55,Henriksdalsberget,740046149,23
pattern-c8f1c3d76ff7,1275005500001,Bus,55,Stockholm Ersta sjukhus,740046149,1
pattern-c8f1c3d76ff7,1275005500001,Bus,55,Stockholm Ersta sjukhus,740046148,2
pattern-c8f1c3d76ff7,1275005500001,Bus,55,Stockholm Ersta sjukhus,740046145,3
pattern-c8f1c3d76ff7,1275005500001,Bus,55,Stockholm Ersta sjukhus,740046147,4
pattern-c8f1c3d76ff7,1275005500001,Bus,55,Stockholm Ersta sjukhus,740046144,5
pattern-c8f1c3d76ff7,1275005500001,Bus,55,Stockholm Ersta sjukhus,740024806,6
pattern-c8f1c3d76ff7,1275005500001,Bus,55,Stockholm Ersta sjukhus,740046231,7
pattern-c8f1c3d76ff7,1275005500001,Bus,55,Stockholm Ersta sjukhus,740046053,8
pattern-c8f1c3d76ff7,1275005500001,Bus,55,Stockholm Ersta sjukhus,740046052,9
pattern-c8f1c3d76ff7,1275005500001,Bus,55,Stockholm Ersta sjukhus,740046051,10
pattern-02dc72761e54,1275005500001,Bus,55,Tanto,740046149,1
pattern-02dc72761e54,1275005500001,Bus,55,Tanto,740046148,2
pattern-02dc72761e54,1275005500001,Bus,55,Tanto,740046145,3
pattern-02dc72761e54,1275005500001,Bus,55,Tanto,740046147,4
pattern-02dc72761e54,1275005500001,Bus,55,Tanto,740046144,5
pattern-02dc72761e54,1275005500001,Bus,55,Tanto,740024806,6
pattern-02dc72761e54,1275005500001,Bus,55,Tanto,740046231,7
pattern-02dc72761e54,1275005500001,Bus,55,Tanto,740046212,8
pattern-02dc72761e54,1275005500001,Bus,55,Tanto,740046213,9
pattern-02dc72761e54,1275005500001,Bus,55,Tanto,740046210,10
pattern-02dc72761e54,1275005500001,Bus,55,Tanto,740046211,11
pattern-02dc72761e54,1275005500001,Bus,55,Tanto,740046122,12
pattern-02dc72761e54,1275005500001,Bus,55,Tanto,740021655,13
pattern-02dc72761e54,1275005500001,Bus,55,Tanto,740046090,14
pattern-02dc72761e54,1275005500001,Bus,55,Tanto,740046007,15
pattern-02dc72761e54,1275005500001,Bus,55,Tanto,740046008,16
pattern-02dc72761e54,1275005500001,Bus,55,Tanto,740046005,17
pattern-02dc72761e54,1275005500001,Bus,55,Tanto,740046010,18
pattern-1057fab68294,1275005500001,Bus,55,Tanto,740046234,1
pattern-1057fab68294,1275005500001,Bus,55,Tanto,740046149,2
pattern-1057fab68294,1275005500001,Bus,55,Tanto,740046148,3
pattern-1057fab68294,1275005500001,Bus,55,Tanto,740046145,4
pattern-1057fab68294,1275005500001,Bus,55,Tanto,740046147,5
pattern-1057fab68294,1275005500001,Bus,55,Tanto,740046144,6
pattern-1057fab68294,1275005500001,Bus,55,Tanto,740024806,7
pattern-1057fab68294,1275005500001,Bus,55,Tanto,740046141,8
pattern-1057fab68294,1275005500001,Bus,55,Tanto,740046142,9
pattern-1057fab68294,1275005500001,Bus,55,Tanto,740046051,10
pattern-1057fab68294,1275005500001,Bus,55,Tanto,740046047,11
pattern-1057fab68294,1275005500001,Bus,55,Tanto,slussen,12
pattern-1057fab68294,1275005500001,Bus,55,Tanto,740039043,13
pattern-1057fab68294,1275005500001,Bus,55,Tanto,740046168,14
pattern-1057fab68294,1275005500001,Bus,55,Tanto,740046169,15
pattern-1057fab68294,1275005500001,Bus,55,Tanto,740046170,16
pattern-1057fab68294,1275005500001,Bus,55,Tanto,740045463,17
pattern-1057fab68294,1275005500001,Bus,55,Tanto,740046192,18
pattern-1057fab68294,1275005500001,Bus,55,Tanto,740046193,19
pattern-1057fab68294,1275005500001,Bus,55,Tanto,740046008,20
pattern-1057fab68294,1275005500001,Bus,55,Tanto,740046005,21
pattern-1057fab68294,1275005500001,Bus,55,Tanto,740046010,22
pattern-1ed642b6804b,1275005500001,Bus,55,Tanto,740046234,1
pattern-1ed642b6804b,1275005500001,Bus,55,Tanto,740046149,2
pattern-1ed642b6804b,1275005500001,Bus,55,Tanto,740046148,3
pattern-1ed642b6804b,1275005500001,Bus,55,Tanto,740046145,4
pattern-1ed642b6804b,1275005500001,Bus,55,Tanto,740046147,5
pattern-1ed642b6804b,1275005500001,Bus,55,Tanto,740046144,6
pattern-1ed642b6804b,1275005500001,Bus,55,Tanto,740024806,7
pattern-1ed642b6804b,1275005500001,Bus,55,Tanto,740046231,8
pattern-1ed642b6804b,1275005500001,Bus,55,Tanto,740046212,9
pattern-1ed642b6804b,1275005500001,Bus,55,Tanto,740046213,10
pattern-1ed642b6804b,1275005500001,Bus,55,Tanto,740046210,11
pattern-1ed642b6804b,1275005500001,Bus,55,Tanto,740046211,12
pattern-1ed642b6804b,1275005500001,Bus,55,Tanto,740046122,13
pattern-1ed642b6804b,1275005500001,Bus,55,Tanto,740021655,14
pattern-1ed642b6804b,1275005500001,Bus,55,Tanto,740046090,15
pattern-1ed642b6804b,1275005500001,Bus,55,Tanto,740046007,16
pattern-1ed642b6804b,1275005500001,Bus,55,Tanto,740046008,17
pattern-1ed642b6804b,1275005500001,Bus,55,Tanto,740046005,18
pattern-1ed642b6804b,1275005500001,Bus,55,Tanto,740046010,19
pattern-860a64ebab17,1275005500001,Bus,55,Tanto,740046149,1
pattern-860a64ebab17,1275005500001,Bus,55,Tanto,740046148,2
pattern-860a64ebab17,1275005500001,Bus,55,Tanto,740046145,3
pattern-860a64ebab17,1275005500001,Bus,55,Tanto,740046147,4
pattern-860a64ebab17,1275005500001,Bus,55,Tanto,740046144,5
pattern-860a64ebab17,1275005500001,Bus,55,Tanto,740024806,6
pattern-860a64ebab17,1275005500001,Bus,55,Tanto,740046141,7
pattern-860a64ebab17,1275005500001,Bus,55,Tanto,740046142,8
pattern-860a64ebab17,1275005500001,Bus,55,Tanto,740046051,9
pattern-860a64ebab17,1275005500001,Bus,55,Tanto,740046048,10
pattern-860a64ebab17,1275005500001,Bus,55,Tanto,740046088,11
pattern-860a64ebab17,1275005500001,Bus,55,Tanto,740046089,12
pattern-860a64ebab17,1275005500001,Bus,55,Tanto,740021655,13
pattern-860a64ebab17,1275005500001,Bus,55,Tanto,740046090,14
pattern-860a64ebab17,1275005500001,Bus,55,Tanto,740046055,15
pattern-860a64ebab17,1275005500001,Bus,55,Tanto,740046006,16
pattern-860a64ebab17,1275005500001,Bus,55,Tanto,740046009,17
pattern-860a64ebab17,1275005500001,Bus,55,Tanto,740046189,18
pattern-860a64ebab17,1275005500001,Bus,55,Tanto,740046192,19
pattern-860a64ebab17,1275005500001,Bus,55,Tanto,740046193,20
pattern-860a64ebab17,1275005500001,Bus,55,Tanto,740046008,21
pattern-860a64ebab17,1275005500001,Bus,55,Tanto,740046005,22
pattern-860a64ebab17,1275005500001,Bus,55,Tanto,740046010,23
pattern-c8993f7e3995,1275005500001,Bus,55,Tanto,740046234,1
pattern-c8993f7e3995,1275005500001,Bus,55,Tanto,740046149,2
pattern-c8993f7e3995,1275005500001,Bus,55,Tanto,740046148,3
pattern-c8993f7e3995,1275005500001,Bus,55,Tanto,740046145,4
pattern-c8993f7e3995,1275005500001,Bus,55,Tanto,740046147,5
pattern-c8993f7e3995,1275005500001,Bus,55,Tanto,740046144,6
pattern-c8993f7e3995,1275005500001,Bus,55,Tanto,740024806,7
pattern-c8993f7e3995,1275005500001,Bus,55,Tanto,740046141,8
pattern-c8993f7e3995,1275005500001,Bus,55,Tanto,740046142,9
pattern-c8993f7e3995,1275005500001,Bus,55,Tanto,740046051,10
pattern-c8993f7e3995,1275005500001,Bus,55,Tanto,740046052,11
pattern-c8993f7e3995,1275005500001,Bus,55,Tanto,740046053,12
pattern-c8993f7e3995,1275005500001,Bus,55,Tanto,740046231,13
pattern-c8993f7e3995,1275005500001,Bus,55,Tanto,740046212,14
pattern-c8993f7e3995,1275005500001,Bus,55,Tanto,740046213,15
pattern-c8993f7e3995,1275005500001,Bus,55,Tanto,740046210,16
pattern-c8993f7e3995,1275005500001,Bus,55,Tanto,740046211,17
pattern-c8993f7e3995,1275005500001,Bus,55,Tanto,740046122,18
pattern-c8993f7e3995,1275005500001,Bus,55,Tanto,740021655,19
pattern-c8993f7e3995,1275005500001,Bus,55,Tanto,740046090,20
pattern-c8993f7e3995,1275005500001,Bus,55,Tanto,740046007,21
pattern-c8993f7e3995,1275005500001,Bus,55,Tanto,740046008,22
pattern-c8993f7e3995,1275005500001,Bus,55,Tanto,740046005,23
pattern-c8993f7e3995,1275005500001,Bus,55,Tanto,740046010,24
pattern-dd8e8dda679b,1275005500001,Bus,55,Tanto,740046234,1
pattern-dd8e8dda679b,1275005500001,Bus,55,Tanto,740046149,2
pattern-dd8e8dda679b,1275005500001,Bus,55,Tanto,740046148,3
pattern-dd8e8dda679b,1275005500001,Bus,55,Tanto,740046145,4
pattern-dd8e8dda679b,1275005500001,Bus,55,Tanto,740046147,5
pattern-dd8e8dda679b,1275005500001,Bus,55,Tanto,740046144,6
pattern-dd8e8dda679b,1275005500001,Bus,55,Tanto,740024806,7
pattern-dd8e8dda679b,1275005500001,Bus,55,Tanto,740046141,8
pattern-dd8e8dda679b,1275005500001,Bus,55,Tanto,740046142,9
pattern-dd8e8dda679b,1275005500001,Bus,55,Tanto,740046051,10
pattern-dd8e8dda679b,1275005500001,Bus,55,Tanto,740046048,11
pattern-dd8e8dda679b,1275005500001,Bus,55,Tanto,740046088,12
pattern-dd8e8dda679b,1275005500001,Bus,55,Tanto,740046089,13
pattern-dd8e8dda679b,1275005500001,Bus,55,Tanto,740021655,14
pattern-dd8e8dda679b,1275005500001,Bus,55,Tanto,740046090,15
pattern-dd8e8dda679b,1275005500001,Bus,55,Tanto,740046055,16
pattern-dd8e8dda679b,1275005500001,Bus,55,Tanto,740046006,17
pattern-dd8e8dda679b,1275005500001,Bus,55,Tanto,740046009,18
pattern-dd8e8dda679b,1275005500001,Bus,55,Tanto,740046189,19
pattern-dd8e8dda679b,1275005500001,Bus,55,Tanto,740046192,20
pattern-dd8e8dda679b,1275005500001,Bus,55,Tanto,740046193,21
pattern-dd8e8dda679b,1275005500001,Bus,55,Tanto,740046008,22
pattern-dd8e8dda679b,1275005500001,Bus,55,Tanto,740046005,23
pattern-dd8e8dda679b,1275005500001,Bus,55,Tanto,740046010,24
pattern-efb1cd67f660,1275005500001,Bus,55,Tanto,740046149,1
pattern-efb1cd67f660,1275005500001,Bus,55,Tanto,740046148,2
pattern-efb1cd67f660,1275005500001,Bus,55,Tanto,740046145,3
pattern-efb1cd67f660,1275005500001,Bus,55,Tanto,740046147,4
pattern-efb1cd67f660,1275005500001,Bus,55,Tanto,740046144,5
pattern-efb1cd67f660,1275005500001,Bus,55,Tanto,740024806,6
pattern-efb1cd67f660,1275005500001,Bus,55,Tanto,740046141,7
pattern-efb1cd67f660,1275005500001,Bus,55,Tanto,740046142,8
pattern-efb1cd67f660,1275005500001,Bus,55,Tanto,740046051,9
pattern-efb1cd67f660,1275005500001,Bus,55,Tanto,740046052,10
pattern-efb1cd67f660,1275005500001,Bus,55,Tanto,740046053,11
pattern-efb1cd67f660,1275005500001,Bus,55,Tanto,740046231,12
pattern-efb1cd67f660,1275005500001,Bus,55,Tanto,740046212,13
pattern-efb1cd67f660,1275005500001,Bus,55,Tanto,740046213,14
pattern-efb1cd67f660,1275005500001,Bus,55,Tanto,740046210,15
pattern-efb1cd67f660,1275005500001,Bus,55,Tanto,740046211,16
pattern-efb1cd67f660,1275005500001,Bus,55,Tanto,740046122,17
pattern-efb1cd67f660,1275005500001,Bus,55,Tanto,740021655,18
pattern-efb1cd67f660,1275005500001,Bus,55,Tanto,740046090,19
pattern-efb1cd67f660,1275005500001,Bus,55,Tanto,740046007,20
pattern-efb1cd67f660,1275005500001,Bus,55,Tanto,740046008,21
pattern-efb1cd67f660,1275005500001,Bus,55,Tanto,740046005,22
pattern-efb1cd67f660,1275005500001,Bus,55,Tanto,740046010,23
pattern-ff4921034f9b,1275005500001,Bus,55,Tanto,740046149,1
pattern-ff4921034f9b,1275005500001,Bus,55,Tanto,740046148,2
pattern-ff4921034f9b,1275005500001,Bus,55,Tanto,740046145,3
pattern-ff4921034f9b,1275005500001,Bus,55,Tanto,740046147,4
pattern-ff4921034f9b,1275005500001,Bus,55,Tanto,740046144,5
pattern-ff4921034f9b,1275005500001,Bus,55,Tanto,740024806,6
pattern-ff4921034f9b,1275005500001,Bus,55,Tanto,740046141,7
pattern-ff4921034f9b,1275005500001,Bus,55,Tanto,740046142,8
pattern-ff4921034f9b,1275005500001,Bus,55,Tanto,740046051,9
pattern-ff4921034f9b,1275005500001,Bus,55,Tanto,740046047,10
pattern-ff4921034f9b,1275005500001,Bus,55,Tanto,slussen,11
pattern-ff4921034f9b,1275005500001,Bus,55,Tanto,740039043,12
pattern-ff4921034f9b,1275005500001,Bus,55,Tanto,740046168,13
pattern-ff4921034f9b,1275005500001,Bus,55,Tanto,740046169,14
pattern-ff4921034f9b,1275005500001,Bus,55,Tanto,740046170,15
pattern-ff4921034f9b,1275005500001,Bus,55,Tanto,740045463,16
pattern-ff4921034f9b,1275005500001,Bus,55,Tanto,740046192,17
pattern-ff4921034f9b,1275005500001,Bus,55,Tanto,740046193,18
pattern-ff4921034f9b,1275005500001,Bus,55,Tanto,740046008,19
pattern-ff4921034f9b,1275005500001,Bus,55,Tanto,740046005,20
pattern-ff4921034f9b,1275005500001,Bus,55,Tanto,740046010,21
pattern-447a9c5b5bea,1275005700001,Bus,57,Motalavägen,740046122,1
pattern-447a9c5b5bea,1275005700001,Bus,57,Motalavägen,740021655,2
pattern-447a9c5b5bea,1275005700001,Bus,57,Motalavägen,740046090,3
pattern-447a9c5b5bea,1275005700001,Bus,57,Motalavägen,740046055,4
pattern-447a9c5b5bea,1275005700001,Bus,57,Motalavägen,740046006,5
pattern-447a9c5b5bea,1275005700001,Bus,57,Motalavägen,740046009,6
pattern-447a9c5b5bea,1275005700001,Bus,57,Motalavägen,740046189,7
pattern-447a9c5b5bea,1275005700001,Bus,57,Motalavägen,740045463,8
pattern-447a9c5b5bea,1275005700001,Bus,57,Motalavägen,740046170,9
pattern-447a9c5b5bea,1275005700001,Bus,57,Motalavägen,740046169,10
pattern-447a9c5b5bea,1275005700001,Bus,57,Motalavägen,740046168,11
pattern-447a9c5b5bea,1275005700001,Bus,57,Motalavägen,740039043,12
pattern-447a9c5b5bea,1275005700001,Bus,57,Motalavägen,slussen,13
pattern-447a9c5b5bea,1275005700001,Bus,57,Motalavägen,740046002,14
pattern-447a9c5b5bea,1275005700001,Bus,57,Motalavägen,740073532,15
pattern-447a9c5b5bea,1275005700001,Bus,57,Motalavägen,740019408,16
pattern-447a9c5b5bea,1275005700001,Bus,57,Motalavägen,740045464,17
pattern-447a9c5b5bea,1275005700001,Bus,57,Motalavägen,740046033,18
pattern-447a9c5b5bea,1275005700001,Bus,57,Motalavägen,740045964,19
pattern-447a9c5b5bea,1275005700001,Bus,57,Motalavägen,740046216,20
pattern-447a9c5b5bea,1275005700001,Bus,57,Motalavägen,740046217,21
pattern-447a9c5b5bea,1275005700001,Bus,57,Motalavägen,740046218,22
pattern-447a9c5b5bea,1275005700001,Bus,57,Motalavägen,740046219,23
pattern-447a9c5b5bea,1275005700001,Bus,57,Motalavägen,740046172,24
pattern-447a9c5b5bea,1275005700001,Bus,57,Motalavägen,740046175,25
pattern-447a9c5b5bea,1275005700001,Bus,57,Motalavägen,740046166,26
pattern-447a9c5b5bea,1275005700001,Bus,57,Motalavägen,740075295,27
pattern-447a9c5b5bea,1275005700001,Bus,57,Motalavägen,740046163,28
pattern-447a9c5b5bea,1275005700001,Bus,57,Motalavägen,740046165,29
pattern-447a9c5b5bea,1275005700001,Bus,57,Motalavägen,740046164,30
pattern-447a9c5b5bea,1275005700001,Bus,57,Motalavägen,740046167,31
pattern-7dd0f3353cb7,1275005700001,Bus,57,Motalavägen,740011606,1
pattern-7dd0f3353cb7,1275005700001,Bus,57,Motalavägen,740020741,2
pattern-7dd0f3353cb7,1275005700001,Bus,57,Motalavägen,740045277,3
pattern-7dd0f3353cb7,1275005700001,Bus,57,Motalavägen,740045964,4
pattern-7dd0f3353cb7,1275005700001,Bus,57,Motalavägen,740046216,5
pattern-7dd0f3353cb7,1275005700001,Bus,57,Motalavägen,740046217,6
pattern-7dd0f3353cb7,1275005700001,Bus,57,Motalavägen,740046218,7
pattern-7dd0f3353cb7,1275005700001,Bus,57,Motalavägen,740046219,8
pattern-7dd0f3353cb7,1275005700001,Bus,57,Motalavägen,740046172,9
pattern-7dd0f3353cb7,1275005700001,Bus,57,Motalavägen,740046175,10
pattern-7dd0f3353cb7,1275005700001,Bus,57,Motalavägen,740046166,11
pattern-7dd0f3353cb7,1275005700001,Bus,57,Motalavägen,740075295,12
pattern-7dd0f3353cb7,1275005700001,Bus,57,Motalavägen,740046163,13
pattern-7dd0f3353cb7,1275005700001,Bus,57,Motalavägen,740046165,14
pattern-7dd0f3353cb7,1275005700001,Bus,57,Motalavägen,740046164,15
pattern-7dd0f3353cb7,1275005700001,Bus,57,Motalavägen,740046167,16
pattern-80fb3fdea4a2,1275005700001,Bus,57,Motalavägen,740046233,1
pattern-80fb3fdea4a2,1275005700001,Bus,57,Motalavägen,740046212,2
pattern-80fb3fdea4a2,1275005700001,Bus,57,Motalavägen,740046213,3
pattern-80fb3fdea4a2,1275005700001,Bus,57,Motalavägen,740046210,4
pattern-80fb3fdea4a2,1275005700001,Bus,57,Motalavägen,740046211,5
pattern-80fb3fdea4a2,1275005700001,Bus,57,Motalavägen,740046122,6
pattern-80fb3fdea4a2,1275005700001,Bus,57,Motalavägen,740021655,7
pattern-80fb3fdea4a2,1275005700001,Bus,57,Motalavägen,740046090,8
pattern-80fb3fdea4a2,1275005700001,Bus,57,Motalavägen,740046055,9
pattern-80fb3fdea4a2,1275005700001,Bus,57,Motalavägen,740046006,10
pattern-80fb3fdea4a2,1275005700001,Bus,57,Motalavägen,740046009,11
pattern-80fb3fdea4a2,1275005700001,Bus,57,Motalavägen,740046189,12
pattern-80fb3fdea4a2,1275005700001,Bus,57,Motalavägen,740045463,13
pattern-80fb3fdea4a2,1275005700001,Bus,57,Motalavägen,740046170,14
pattern-80fb3fdea4a2,1275005700001,Bus,57,Motalavägen,740046169,15
pattern-80fb3fdea4a2,1275005700001,Bus,57,Motalavägen,740046168,16
pattern-80fb3fdea4a2,1275005700001,Bus,57,Motalavägen,740039043,17
pattern-80fb3fdea4a2,1275005700001,Bus,57,Motalavägen,slussen,18
pattern-80fb3fdea4a2,1275005700001,Bus,57,Motalavägen,740046085,19
pattern-80fb3fdea4a2,1275005700001,Bus,57,Motalavägen,740046084,20
pattern-80fb3fdea4a2,1275005700001,Bus,57,Motalavägen,740046083,21
pattern-80fb3fdea4a2,1275005700001,Bus,57,Motalavägen,stockholm-central,22
pattern-80fb3fdea4a2,1275005700001,Bus,57,Motalavägen,740074606,23
pattern-80fb3fdea4a2,1275005700001,Bus,57,Motalavägen,740072737,24
pattern-80fb3fdea4a2,1275005700001,Bus,57,Motalavägen,740045465,25
pattern-80fb3fdea4a2,1275005700001,Bus,57,Motalavägen,740045960,26
pattern-80fb3fdea4a2,1275005700001,Bus,57,Motalavägen,740045961,27
pattern-80fb3fdea4a2,1275005700001,Bus,57,Motalavägen,740045963,28
pattern-80fb3fdea4a2,1275005700001,Bus,57,Motalavägen,740045964,29
pattern-80fb3fdea4a2,1275005700001,Bus,57,Motalavägen,740046216,30
pattern-80fb3fdea4a2,1275005700001,Bus,57,Motalavägen,740046217,31
pattern-80fb3fdea4a2,1275005700001,Bus,57,Motalavägen,740046218,32
pattern-80fb3fdea4a2,1275005700001,Bus,57,Motalavägen,740046219,33
pattern-80fb3fdea4a2,1275005700001,Bus,57,Motalavägen,740046172,34
pattern-80fb3fdea4a2,1275005700001,Bus,57,Motalavägen,740046175,35
pattern-80fb3fdea4a2,1275005700001,Bus,57,Motalavägen,740046166,36
pattern-80fb3fdea4a2,1275005700001,Bus,57,Motalavägen,740075295,37
pattern-80fb3fdea4a2,1275005700001,Bus,57,Motalavägen,740046163,38
pattern-80fb3fdea4a2,1275005700001,Bus,57,Motalavägen,740046165,39
pattern-80fb3fdea4a2,1275005700001,Bus,57,Motalavägen,740046164,40
pattern-80fb3fdea4a2,1275005700001,Bus,57,Motalavägen,740046167,41
pattern-8772cb457b03,1275005700001,Bus,57,Motalavägen,740046233,1
pattern-8772cb457b03,1275005700001,Bus,57,Motalavägen,740046212,2
pattern-8772cb457b03,1275005700001,Bus,57,Motalavägen,740046213,3
pattern-8772cb457b03,1275005700001,Bus,57,Motalavägen,740046210,4
pattern-8772cb457b03,1275005700001,Bus,57,Motalavägen,740046211,5
pattern-8772cb457b03,1275005700001,Bus,57,Motalavägen,740046122,6
pattern-8772cb457b03,1275005700001,Bus,57,Motalavägen,740046089,7
pattern-8772cb457b03,1275005700001,Bus,57,Motalavägen,740046088,8
pattern-8772cb457b03,1275005700001,Bus,57,Motalavägen,740046048,9
pattern-8772cb457b03,1275005700001,Bus,57,Motalavägen,740046047,10
pattern-8772cb457b03,1275005700001,Bus,57,Motalavägen,slussen,11
pattern-8772cb457b03,1275005700001,Bus,57,Motalavägen,740046002,12
pattern-8772cb457b03,1275005700001,Bus,57,Motalavägen,740073532,13
pattern-8772cb457b03,1275005700001,Bus,57,Motalavägen,740019408,14
pattern-8772cb457b03,1275005700001,Bus,57,Motalavägen,740045464,15
pattern-8772cb457b03,1275005700001,Bus,57,Motalavägen,740046033,16
pattern-8772cb457b03,1275005700001,Bus,57,Motalavägen,740045964,17
pattern-8772cb457b03,1275005700001,Bus,57,Motalavägen,740046216,18
pattern-8772cb457b03,1275005700001,Bus,57,Motalavägen,740046217,19
pattern-8772cb457b03,1275005700001,Bus,57,Motalavägen,740046218,20
pattern-8772cb457b03,1275005700001,Bus,57,Motalavägen,740046219,21
pattern-8772cb457b03,1275005700001,Bus,57,Motalavägen,740046172,22
pattern-8772cb457b03,1275005700001,Bus,57,Motalavägen,740046175,23
pattern-8772cb457b03,1275005700001,Bus,57,Motalavägen,740046166,24
pattern-8772cb457b03,1275005700001,Bus,57,Motalavägen,740075295,25
pattern-8772cb457b03,1275005700001,Bus,57,Motalavägen,740046163,26
pattern-8772cb457b03,1275005700001,Bus,57,Motalavägen,740046165,27
pattern-8772cb457b03,1275005700001,Bus,57,Motalavägen,740046164,28
pattern-8772cb457b03,1275005700001,Bus,57,Motalavägen,740046167,29
pattern-aaee9eceb00e,1275005700001,Bus,57,Motalavägen,740046233,1
pattern-aaee9eceb00e,1275005700001,Bus,57,Motalavägen,740046212,2
pattern-aaee9eceb00e,1275005700001,Bus,57,Motalavägen,740046213,3
pattern-aaee9eceb00e,1275005700001,Bus,57,Motalavägen,740046210,4
pattern-aaee9eceb00e,1275005700001,Bus,57,Motalavägen,740046211,5
pattern-aaee9eceb00e,1275005700001,Bus,57,Motalavägen,740046122,6
pattern-aaee9eceb00e,1275005700001,Bus,57,Motalavägen,740021655,7
pattern-aaee9eceb00e,1275005700001,Bus,57,Motalavägen,740046090,8
pattern-aaee9eceb00e,1275005700001,Bus,57,Motalavägen,740046055,9
pattern-aaee9eceb00e,1275005700001,Bus,57,Motalavägen,740046006,10
pattern-aaee9eceb00e,1275005700001,Bus,57,Motalavägen,740046009,11
pattern-aaee9eceb00e,1275005700001,Bus,57,Motalavägen,740046189,12
pattern-aaee9eceb00e,1275005700001,Bus,57,Motalavägen,740045463,13
pattern-aaee9eceb00e,1275005700001,Bus,57,Motalavägen,740046170,14
pattern-aaee9eceb00e,1275005700001,Bus,57,Motalavägen,740046169,15
pattern-aaee9eceb00e,1275005700001,Bus,57,Motalavägen,740046168,16
pattern-aaee9eceb00e,1275005700001,Bus,57,Motalavägen,740039043,17
pattern-aaee9eceb00e,1275005700001,Bus,57,Motalavägen,slussen,18
pattern-aaee9eceb00e,1275005700001,Bus,57,Motalavägen,740046002,19
pattern-aaee9eceb00e,1275005700001,Bus,57,Motalavägen,740073532,20
pattern-aaee9eceb00e,1275005700001,Bus,57,Motalavägen,740074606,21
pattern-aaee9eceb00e,1275005700001,Bus,57,Motalavägen,740072737,22
pattern-aaee9eceb00e,1275005700001,Bus,57,Motalavägen,740045465,23
pattern-aaee9eceb00e,1275005700001,Bus,57,Motalavägen,740045960,24
pattern-aaee9eceb00e,1275005700001,Bus,57,Motalavägen,740045961,25
pattern-aaee9eceb00e,1275005700001,Bus,57,Motalavägen,740045963,26
pattern-aaee9eceb00e,1275005700001,Bus,57,Motalavägen,740045964,27
pattern-aaee9eceb00e,1275005700001,Bus,57,Motalavägen,740046216,28
pattern-aaee9eceb00e,1275005700001,Bus,57,Motalavägen,740046217,29
pattern-aaee9eceb00e,1275005700001,Bus,57,Motalavägen,740046218,30
pattern-aaee9eceb00e,1275005700001,Bus,57,Motalavägen,740046219,31
pattern-aaee9eceb00e,1275005700001,Bus,57,Motalavägen,740046172,32
pattern-aaee9eceb00e,1275005700001,Bus,57,Motalavägen,740046175,33
pattern-aaee9eceb00e,1275005700001,Bus,57,Motalavägen,740046166,34
pattern-aaee9eceb00e,1275005700001,Bus,57,Motalavägen,740075295,35
pattern-aaee9eceb00e,1275005700001,Bus,57,Motalavägen,740046163,36
pattern-aaee9eceb00e,1275005700001,Bus,57,Motalavägen,740046165,37
pattern-aaee9eceb00e,1275005700001,Bus,57,Motalavägen,740046164,38
pattern-aaee9eceb00e,1275005700001,Bus,57,Motalavägen,740046167,39
pattern-f47f0d3fa019,1275005700001,Bus,57,Motalavägen,slussen,1
pattern-f47f0d3fa019,1275005700001,Bus,57,Motalavägen,740046002,2
pattern-f47f0d3fa019,1275005700001,Bus,57,Motalavägen,740073532,3
pattern-f47f0d3fa019,1275005700001,Bus,57,Motalavägen,740019408,4
pattern-f47f0d3fa019,1275005700001,Bus,57,Motalavägen,740045464,5
pattern-f47f0d3fa019,1275005700001,Bus,57,Motalavägen,740046033,6
pattern-f47f0d3fa019,1275005700001,Bus,57,Motalavägen,740045964,7
pattern-f47f0d3fa019,1275005700001,Bus,57,Motalavägen,740046216,8
pattern-f47f0d3fa019,1275005700001,Bus,57,Motalavägen,740046217,9
pattern-f47f0d3fa019,1275005700001,Bus,57,Motalavägen,740046218,10
pattern-f47f0d3fa019,1275005700001,Bus,57,Motalavägen,740046219,11
pattern-f47f0d3fa019,1275005700001,Bus,57,Motalavägen,740046172,12
pattern-f47f0d3fa019,1275005700001,Bus,57,Motalavägen,740046175,13
pattern-f47f0d3fa019,1275005700001,Bus,57,Motalavägen,740046166,14
pattern-f47f0d3fa019,1275005700001,Bus,57,Motalavägen,740075295,15
pattern-f47f0d3fa019,1275005700001,Bus,57,Motalavägen,740046163,16
pattern-f47f0d3fa019,1275005700001,Bus,57,Motalavägen,740046165,17
pattern-f47f0d3fa019,1275005700001,Bus,57,Motalavägen,740046164,18
pattern-f47f0d3fa019,1275005700001,Bus,57,Motalavägen,740046167,19
pattern-fd02b7fcbe1f,1275005700001,Bus,57,Motalavägen,740046233,1
pattern-fd02b7fcbe1f,1275005700001,Bus,57,Motalavägen,740046212,2
pattern-fd02b7fcbe1f,1275005700001,Bus,57,Motalavägen,740046213,3
pattern-fd02b7fcbe1f,1275005700001,Bus,57,Motalavägen,740046210,4
pattern-fd02b7fcbe1f,1275005700001,Bus,57,Motalavägen,740046211,5
pattern-fd02b7fcbe1f,1275005700001,Bus,57,Motalavägen,740046122,6
pattern-fd02b7fcbe1f,1275005700001,Bus,57,Motalavägen,740021655,7
pattern-fd02b7fcbe1f,1275005700001,Bus,57,Motalavägen,740046090,8
pattern-fd02b7fcbe1f,1275005700001,Bus,57,Motalavägen,740046055,9
pattern-fd02b7fcbe1f,1275005700001,Bus,57,Motalavägen,740046006,10
pattern-fd02b7fcbe1f,1275005700001,Bus,57,Motalavägen,740046009,11
pattern-fd02b7fcbe1f,1275005700001,Bus,57,Motalavägen,740046189,12
pattern-fd02b7fcbe1f,1275005700001,Bus,57,Motalavägen,740045463,13
pattern-fd02b7fcbe1f,1275005700001,Bus,57,Motalavägen,740046170,14
pattern-fd02b7fcbe1f,1275005700001,Bus,57,Motalavägen,740046169,15
pattern-fd02b7fcbe1f,1275005700001,Bus,57,Motalavägen,740046168,16
pattern-fd02b7fcbe1f,1275005700001,Bus,57,Motalavägen,740039043,17
pattern-fd02b7fcbe1f,1275005700001,Bus,57,Motalavägen,slussen,18
pattern-fd02b7fcbe1f,1275005700001,Bus,57,Motalavägen,740046002,19
pattern-fd02b7fcbe1f,1275005700001,Bus,57,Motalavägen,740073532,20
pattern-fd02b7fcbe1f,1275005700001,Bus,57,Motalavägen,740019408,21
pattern-fd02b7fcbe1f,1275005700001,Bus,57,Motalavägen,740045464,22
pattern-fd02b7fcbe1f,1275005700001,Bus,57,Motalavägen,740046033,23
pattern-fd02b7fcbe1f,1275005700001,Bus,57,Motalavägen,740045964,24
pattern-fd02b7fcbe1f,1275005700001,Bus,57,Motalavägen,740046216,25
pattern-fd02b7fcbe1f,1275005700001,Bus,57,Motalavägen,740046217,26
pattern-fd02b7fcbe1f,1275005700001,Bus,57,Motalavägen,740046218,27
pattern-fd02b7fcbe1f,1275005700001,Bus,57,Motalavägen,740046219,28
pattern-fd02b7fcbe1f,1275005700001,Bus,57,Motalavägen,740046172,29
pattern-fd02b7fcbe1f,1275005700001,Bus,57,Motalavägen,740046175,30
pattern-fd02b7fcbe1f,1275005700001,Bus,57,Motalavägen,740046166,31
pattern-fd02b7fcbe1f,1275005700001,Bus,57,Motalavägen,740075295,32
pattern-fd02b7fcbe1f,1275005700001,Bus,57,Motalavägen,740046163,33
pattern-fd02b7fcbe1f,1275005700001,Bus,57,Motalavägen,740046165,34
pattern-fd02b7fcbe1f,1275005700001,Bus,57,Motalavägen,740046164,35
pattern-fd02b7fcbe1f,1275005700001,Bus,57,Motalavägen,740046167,36
pattern-f31425e8072e,1275005700001,Bus,57,Slussen T-bana,740046167,1
pattern-f31425e8072e,1275005700001,Bus,57,Slussen T-bana,740046164,2
pattern-f31425e8072e,1275005700001,Bus,57,Slussen T-bana,740015539,3
pattern-f31425e8072e,1275005700001,Bus,57,Slussen T-bana,740046165,4
pattern-f31425e8072e,1275005700001,Bus,57,Slussen T-bana,740046163,5
pattern-f31425e8072e,1275005700001,Bus,57,Slussen T-bana,740075295,6
pattern-f31425e8072e,1275005700001,Bus,57,Slussen T-bana,740046166,7
pattern-f31425e8072e,1275005700001,Bus,57,Slussen T-bana,740046175,8
pattern-f31425e8072e,1275005700001,Bus,57,Slussen T-bana,740046172,9
pattern-f31425e8072e,1275005700001,Bus,57,Slussen T-bana,740046219,10
pattern-f31425e8072e,1275005700001,Bus,57,Slussen T-bana,740046218,11
pattern-f31425e8072e,1275005700001,Bus,57,Slussen T-bana,740046217,12
pattern-f31425e8072e,1275005700001,Bus,57,Slussen T-bana,740045965,13
pattern-f31425e8072e,1275005700001,Bus,57,Slussen T-bana,740045964,14
pattern-f31425e8072e,1275005700001,Bus,57,Slussen T-bana,740046033,15
pattern-f31425e8072e,1275005700001,Bus,57,Slussen T-bana,740045464,16
pattern-f31425e8072e,1275005700001,Bus,57,Slussen T-bana,740019408,17
pattern-f31425e8072e,1275005700001,Bus,57,Slussen T-bana,740037355,18
pattern-f31425e8072e,1275005700001,Bus,57,Slussen T-bana,740045461,19
pattern-f31425e8072e,1275005700001,Bus,57,Slussen T-bana,740046002,20
pattern-f31425e8072e,1275005700001,Bus,57,Slussen T-bana,slussen,21
pattern-435cdbc28b2a,1275005700001,Bus,57,Stockholm Tengdahlsgatan,740046167,1
pattern-435cdbc28b2a,1275005700001,Bus,57,Stockholm Tengdahlsgatan,740046164,2
pattern-435cdbc28b2a,1275005700001,Bus,57,Stockholm Tengdahlsgatan,740015539,3
pattern-435cdbc28b2a,1275005700001,Bus,57,Stockholm Tengdahlsgatan,740046165,4
pattern-435cdbc28b2a,1275005700001,Bus,57,Stockholm Tengdahlsgatan,740046163,5
pattern-435cdbc28b2a,1275005700001,Bus,57,Stockholm Tengdahlsgatan,740075295,6
pattern-435cdbc28b2a,1275005700001,Bus,57,Stockholm Tengdahlsgatan,740046166,7
pattern-435cdbc28b2a,1275005700001,Bus,57,Stockholm Tengdahlsgatan,740046175,8
pattern-435cdbc28b2a,1275005700001,Bus,57,Stockholm Tengdahlsgatan,740046172,9
pattern-435cdbc28b2a,1275005700001,Bus,57,Stockholm Tengdahlsgatan,740046219,10
pattern-435cdbc28b2a,1275005700001,Bus,57,Stockholm Tengdahlsgatan,740046218,11
pattern-435cdbc28b2a,1275005700001,Bus,57,Stockholm Tengdahlsgatan,740046217,12
pattern-435cdbc28b2a,1275005700001,Bus,57,Stockholm Tengdahlsgatan,740045965,13
pattern-435cdbc28b2a,1275005700001,Bus,57,Stockholm Tengdahlsgatan,740045964,14
pattern-435cdbc28b2a,1275005700001,Bus,57,Stockholm Tengdahlsgatan,740045963,15
pattern-435cdbc28b2a,1275005700001,Bus,57,Stockholm Tengdahlsgatan,740045961,16
pattern-435cdbc28b2a,1275005700001,Bus,57,Stockholm Tengdahlsgatan,740045465,17
pattern-435cdbc28b2a,1275005700001,Bus,57,Stockholm Tengdahlsgatan,740072737,18
pattern-435cdbc28b2a,1275005700001,Bus,57,Stockholm Tengdahlsgatan,740074606,19
pattern-435cdbc28b2a,1275005700001,Bus,57,Stockholm Tengdahlsgatan,stockholm-central,20
pattern-435cdbc28b2a,1275005700001,Bus,57,Stockholm Tengdahlsgatan,740046083,21
pattern-435cdbc28b2a,1275005700001,Bus,57,Stockholm Tengdahlsgatan,740046084,22
pattern-435cdbc28b2a,1275005700001,Bus,57,Stockholm Tengdahlsgatan,740046085,23
pattern-435cdbc28b2a,1275005700001,Bus,57,Stockholm Tengdahlsgatan,slussen,24
pattern-435cdbc28b2a,1275005700001,Bus,57,Stockholm Tengdahlsgatan,740039043,25
pattern-435cdbc28b2a,1275005700001,Bus,57,Stockholm Tengdahlsgatan,740046168,26
pattern-435cdbc28b2a,1275005700001,Bus,57,Stockholm Tengdahlsgatan,740046169,27
pattern-435cdbc28b2a,1275005700001,Bus,57,Stockholm Tengdahlsgatan,740046170,28
pattern-435cdbc28b2a,1275005700001,Bus,57,Stockholm Tengdahlsgatan,740045463,29
pattern-435cdbc28b2a,1275005700001,Bus,57,Stockholm Tengdahlsgatan,740046189,30
pattern-435cdbc28b2a,1275005700001,Bus,57,Stockholm Tengdahlsgatan,740046009,31
pattern-435cdbc28b2a,1275005700001,Bus,57,Stockholm Tengdahlsgatan,740046006,32
pattern-435cdbc28b2a,1275005700001,Bus,57,Stockholm Tengdahlsgatan,740046055,33
pattern-435cdbc28b2a,1275005700001,Bus,57,Stockholm Tengdahlsgatan,740046090,34
pattern-435cdbc28b2a,1275005700001,Bus,57,Stockholm Tengdahlsgatan,740021655,35
pattern-435cdbc28b2a,1275005700001,Bus,57,Stockholm Tengdahlsgatan,740046122,36
pattern-435cdbc28b2a,1275005700001,Bus,57,Stockholm Tengdahlsgatan,740046211,37
pattern-435cdbc28b2a,1275005700001,Bus,57,Stockholm Tengdahlsgatan,740046210,38
pattern-435cdbc28b2a,1275005700001,Bus,57,Stockholm Tengdahlsgatan,740046213,39
pattern-435cdbc28b2a,1275005700001,Bus,57,Stockholm Tengdahlsgatan,740046212,40
pattern-435cdbc28b2a,1275005700001,Bus,57,Stockholm Tengdahlsgatan,740046233,41
pattern-8659c3e6c8c7,1275005700001,Bus,57,Stockholm Tengdahlsgatan,740046167,1
pattern-8659c3e6c8c7,1275005700001,Bus,57,Stockholm Tengdahlsgatan,740046164,2
pattern-8659c3e6c8c7,1275005700001,Bus,57,Stockholm Tengdahlsgatan,740015539,3
pattern-8659c3e6c8c7,1275005700001,Bus,57,Stockholm Tengdahlsgatan,740046165,4
pattern-8659c3e6c8c7,1275005700001,Bus,57,Stockholm Tengdahlsgatan,740046163,5
pattern-8659c3e6c8c7,1275005700001,Bus,57,Stockholm Tengdahlsgatan,740075295,6
pattern-8659c3e6c8c7,1275005700001,Bus,57,Stockholm Tengdahlsgatan,740046166,7
pattern-8659c3e6c8c7,1275005700001,Bus,57,Stockholm Tengdahlsgatan,740046175,8
pattern-8659c3e6c8c7,1275005700001,Bus,57,Stockholm Tengdahlsgatan,740046172,9
pattern-8659c3e6c8c7,1275005700001,Bus,57,Stockholm Tengdahlsgatan,740046219,10
pattern-8659c3e6c8c7,1275005700001,Bus,57,Stockholm Tengdahlsgatan,740046218,11
pattern-8659c3e6c8c7,1275005700001,Bus,57,Stockholm Tengdahlsgatan,740046217,12
pattern-8659c3e6c8c7,1275005700001,Bus,57,Stockholm Tengdahlsgatan,740045965,13
pattern-8659c3e6c8c7,1275005700001,Bus,57,Stockholm Tengdahlsgatan,740045964,14
pattern-8659c3e6c8c7,1275005700001,Bus,57,Stockholm Tengdahlsgatan,740046033,15
pattern-8659c3e6c8c7,1275005700001,Bus,57,Stockholm Tengdahlsgatan,740045464,16
pattern-8659c3e6c8c7,1275005700001,Bus,57,Stockholm Tengdahlsgatan,740019408,17
pattern-8659c3e6c8c7,1275005700001,Bus,57,Stockholm Tengdahlsgatan,740037355,18
pattern-8659c3e6c8c7,1275005700001,Bus,57,Stockholm Tengdahlsgatan,740045461,19
pattern-8659c3e6c8c7,1275005700001,Bus,57,Stockholm Tengdahlsgatan,740046002,20
pattern-8659c3e6c8c7,1275005700001,Bus,57,Stockholm Tengdahlsgatan,slussen,21
pattern-8659c3e6c8c7,1275005700001,Bus,57,Stockholm Tengdahlsgatan,740039043,22
pattern-8659c3e6c8c7,1275005700001,Bus,57,Stockholm Tengdahlsgatan,740046168,23
pattern-8659c3e6c8c7,1275005700001,Bus,57,Stockholm Tengdahlsgatan,740046169,24
pattern-8659c3e6c8c7,1275005700001,Bus,57,Stockholm Tengdahlsgatan,740046170,25
pattern-8659c3e6c8c7,1275005700001,Bus,57,Stockholm Tengdahlsgatan,740045463,26
pattern-8659c3e6c8c7,1275005700001,Bus,57,Stockholm Tengdahlsgatan,740046189,27
pattern-8659c3e6c8c7,1275005700001,Bus,57,Stockholm Tengdahlsgatan,740046009,28
pattern-8659c3e6c8c7,1275005700001,Bus,57,Stockholm Tengdahlsgatan,740046006,29
pattern-8659c3e6c8c7,1275005700001,Bus,57,Stockholm Tengdahlsgatan,740046055,30
pattern-8659c3e6c8c7,1275005700001,Bus,57,Stockholm Tengdahlsgatan,740046090,31
pattern-8659c3e6c8c7,1275005700001,Bus,57,Stockholm Tengdahlsgatan,740021655,32
pattern-8659c3e6c8c7,1275005700001,Bus,57,Stockholm Tengdahlsgatan,740046122,33
pattern-8659c3e6c8c7,1275005700001,Bus,57,Stockholm Tengdahlsgatan,740046211,34
pattern-8659c3e6c8c7,1275005700001,Bus,57,Stockholm Tengdahlsgatan,740046210,35
pattern-8659c3e6c8c7,1275005700001,Bus,57,Stockholm Tengdahlsgatan,740046213,36
pattern-8659c3e6c8c7,1275005700001,Bus,57,Stockholm Tengdahlsgatan,740046212,37
pattern-8659c3e6c8c7,1275005700001,Bus,57,Stockholm Tengdahlsgatan,740046233,38
pattern-a0f271269701,1275005700001,Bus,57,Stockholm Tengdahlsgatan,740046167,1
pattern-a0f271269701,1275005700001,Bus,57,Stockholm Tengdahlsgatan,740046164,2
pattern-a0f271269701,1275005700001,Bus,57,Stockholm Tengdahlsgatan,740015539,3
pattern-a0f271269701,1275005700001,Bus,57,Stockholm Tengdahlsgatan,740046165,4
pattern-a0f271269701,1275005700001,Bus,57,Stockholm Tengdahlsgatan,740046163,5
pattern-a0f271269701,1275005700001,Bus,57,Stockholm Tengdahlsgatan,740075295,6
pattern-a0f271269701,1275005700001,Bus,57,Stockholm Tengdahlsgatan,740046166,7
pattern-a0f271269701,1275005700001,Bus,57,Stockholm Tengdahlsgatan,740046175,8
pattern-a0f271269701,1275005700001,Bus,57,Stockholm Tengdahlsgatan,740046172,9
pattern-a0f271269701,1275005700001,Bus,57,Stockholm Tengdahlsgatan,740046219,10
pattern-a0f271269701,1275005700001,Bus,57,Stockholm Tengdahlsgatan,740046218,11
pattern-a0f271269701,1275005700001,Bus,57,Stockholm Tengdahlsgatan,740046217,12
pattern-a0f271269701,1275005700001,Bus,57,Stockholm Tengdahlsgatan,740045965,13
pattern-a0f271269701,1275005700001,Bus,57,Stockholm Tengdahlsgatan,740045964,14
pattern-a0f271269701,1275005700001,Bus,57,Stockholm Tengdahlsgatan,740045963,15
pattern-a0f271269701,1275005700001,Bus,57,Stockholm Tengdahlsgatan,740045961,16
pattern-a0f271269701,1275005700001,Bus,57,Stockholm Tengdahlsgatan,740045465,17
pattern-a0f271269701,1275005700001,Bus,57,Stockholm Tengdahlsgatan,740072737,18
pattern-a0f271269701,1275005700001,Bus,57,Stockholm Tengdahlsgatan,740074606,19
pattern-a0f271269701,1275005700001,Bus,57,Stockholm Tengdahlsgatan,740037355,20
pattern-a0f271269701,1275005700001,Bus,57,Stockholm Tengdahlsgatan,740045461,21
pattern-a0f271269701,1275005700001,Bus,57,Stockholm Tengdahlsgatan,740046002,22
pattern-a0f271269701,1275005700001,Bus,57,Stockholm Tengdahlsgatan,slussen,23
pattern-a0f271269701,1275005700001,Bus,57,Stockholm Tengdahlsgatan,740039043,24
pattern-a0f271269701,1275005700001,Bus,57,Stockholm Tengdahlsgatan,740046168,25
pattern-a0f271269701,1275005700001,Bus,57,Stockholm Tengdahlsgatan,740046169,26
pattern-a0f271269701,1275005700001,Bus,57,Stockholm Tengdahlsgatan,740046170,27
pattern-a0f271269701,1275005700001,Bus,57,Stockholm Tengdahlsgatan,740045463,28
pattern-a0f271269701,1275005700001,Bus,57,Stockholm Tengdahlsgatan,740046189,29
pattern-a0f271269701,1275005700001,Bus,57,Stockholm Tengdahlsgatan,740046009,30
pattern-a0f271269701,1275005700001,Bus,57,Stockholm Tengdahlsgatan,740046006,31
pattern-a0f271269701,1275005700001,Bus,57,Stockholm Tengdahlsgatan,740046055,32
pattern-a0f271269701,1275005700001,Bus,57,Stockholm Tengdahlsgatan,740046090,33
pattern-a0f271269701,1275005700001,Bus,57,Stockholm Tengdahlsgatan,740021655,34
pattern-a0f271269701,1275005700001,Bus,57,Stockholm Tengdahlsgatan,740046122,35
pattern-a0f271269701,1275005700001,Bus,57,Stockholm Tengdahlsgatan,740046211,36
pattern-a0f271269701,1275005700001,Bus,57,Stockholm Tengdahlsgatan,740046210,37
pattern-a0f271269701,1275005700001,Bus,57,Stockholm Tengdahlsgatan,740046213,38
pattern-a0f271269701,1275005700001,Bus,57,Stockholm Tengdahlsgatan,740046212,39
pattern-a0f271269701,1275005700001,Bus,57,Stockholm Tengdahlsgatan,740046233,40
pattern-b32cd5490da6,1275005700001,Bus,57,Stockholm Tengdahlsgatan,740046167,1
pattern-b32cd5490da6,1275005700001,Bus,57,Stockholm Tengdahlsgatan,740046164,2
pattern-b32cd5490da6,1275005700001,Bus,57,Stockholm Tengdahlsgatan,740015539,3
pattern-b32cd5490da6,1275005700001,Bus,57,Stockholm Tengdahlsgatan,740046165,4
pattern-b32cd5490da6,1275005700001,Bus,57,Stockholm Tengdahlsgatan,740046163,5
pattern-b32cd5490da6,1275005700001,Bus,57,Stockholm Tengdahlsgatan,740075295,6
pattern-b32cd5490da6,1275005700001,Bus,57,Stockholm Tengdahlsgatan,740046166,7
pattern-b32cd5490da6,1275005700001,Bus,57,Stockholm Tengdahlsgatan,740046175,8
pattern-b32cd5490da6,1275005700001,Bus,57,Stockholm Tengdahlsgatan,740046172,9
pattern-b32cd5490da6,1275005700001,Bus,57,Stockholm Tengdahlsgatan,740046219,10
pattern-b32cd5490da6,1275005700001,Bus,57,Stockholm Tengdahlsgatan,740046218,11
pattern-b32cd5490da6,1275005700001,Bus,57,Stockholm Tengdahlsgatan,740046217,12
pattern-b32cd5490da6,1275005700001,Bus,57,Stockholm Tengdahlsgatan,740045965,13
pattern-b32cd5490da6,1275005700001,Bus,57,Stockholm Tengdahlsgatan,740045964,14
pattern-b32cd5490da6,1275005700001,Bus,57,Stockholm Tengdahlsgatan,740046033,15
pattern-b32cd5490da6,1275005700001,Bus,57,Stockholm Tengdahlsgatan,740045464,16
pattern-b32cd5490da6,1275005700001,Bus,57,Stockholm Tengdahlsgatan,740019408,17
pattern-b32cd5490da6,1275005700001,Bus,57,Stockholm Tengdahlsgatan,740037355,18
pattern-b32cd5490da6,1275005700001,Bus,57,Stockholm Tengdahlsgatan,740045461,19
pattern-b32cd5490da6,1275005700001,Bus,57,Stockholm Tengdahlsgatan,740046002,20
pattern-b32cd5490da6,1275005700001,Bus,57,Stockholm Tengdahlsgatan,slussen,21
pattern-b32cd5490da6,1275005700001,Bus,57,Stockholm Tengdahlsgatan,740046047,22
pattern-b32cd5490da6,1275005700001,Bus,57,Stockholm Tengdahlsgatan,740046048,23
pattern-b32cd5490da6,1275005700001,Bus,57,Stockholm Tengdahlsgatan,740046088,24
pattern-b32cd5490da6,1275005700001,Bus,57,Stockholm Tengdahlsgatan,740046089,25
pattern-b32cd5490da6,1275005700001,Bus,57,Stockholm Tengdahlsgatan,740046122,26
pattern-b32cd5490da6,1275005700001,Bus,57,Stockholm Tengdahlsgatan,740046211,27
pattern-b32cd5490da6,1275005700001,Bus,57,Stockholm Tengdahlsgatan,740046210,28
pattern-b32cd5490da6,1275005700001,Bus,57,Stockholm Tengdahlsgatan,740046213,29
pattern-b32cd5490da6,1275005700001,Bus,57,Stockholm Tengdahlsgatan,740046212,30
pattern-b32cd5490da6,1275005700001,Bus,57,Stockholm Tengdahlsgatan,740046233,31
pattern-c7beb71046eb,1275005700001,Bus,57,Tekniska Högskolan T-bana,740046167,1
pattern-c7beb71046eb,1275005700001,Bus,57,Tekniska Högskolan T-bana,740046164,2
pattern-c7beb71046eb,1275005700001,Bus,57,Tekniska Högskolan T-bana,740015539,3
pattern-c7beb71046eb,1275005700001,Bus,57,Tekniska Högskolan T-bana,740046165,4
pattern-c7beb71046eb,1275005700001,Bus,57,Tekniska Högskolan T-bana,740046163,5
pattern-c7beb71046eb,1275005700001,Bus,57,Tekniska Högskolan T-bana,740075295,6
pattern-c7beb71046eb,1275005700001,Bus,57,Tekniska Högskolan T-bana,740046166,7
pattern-c7beb71046eb,1275005700001,Bus,57,Tekniska Högskolan T-bana,740046175,8
pattern-c7beb71046eb,1275005700001,Bus,57,Tekniska Högskolan T-bana,740046172,9
pattern-c7beb71046eb,1275005700001,Bus,57,Tekniska Högskolan T-bana,740046219,10
pattern-c7beb71046eb,1275005700001,Bus,57,Tekniska Högskolan T-bana,740046218,11
pattern-c7beb71046eb,1275005700001,Bus,57,Tekniska Högskolan T-bana,740046217,12
pattern-c7beb71046eb,1275005700001,Bus,57,Tekniska Högskolan T-bana,740045965,13
pattern-c7beb71046eb,1275005700001,Bus,57,Tekniska Högskolan T-bana,740045964,14
pattern-c7beb71046eb,1275005700001,Bus,57,Tekniska Högskolan T-bana,740045277,15
pattern-c7beb71046eb,1275005700001,Bus,57,Tekniska Högskolan T-bana,740020741,16
pattern-c7beb71046eb,1275005700001,Bus,57,Tekniska Högskolan T-bana,740011606,17
pattern-0e6bcaa66101,1275005700001,Bus,57,Tullgårdsparken,740046167,1
pattern-0e6bcaa66101,1275005700001,Bus,57,Tullgårdsparken,740046164,2
pattern-0e6bcaa66101,1275005700001,Bus,57,Tullgårdsparken,740015539,3
pattern-0e6bcaa66101,1275005700001,Bus,57,Tullgårdsparken,740046165,4
pattern-0e6bcaa66101,1275005700001,Bus,57,Tullgårdsparken,740046163,5
pattern-0e6bcaa66101,1275005700001,Bus,57,Tullgårdsparken,740075295,6
pattern-0e6bcaa66101,1275005700001,Bus,57,Tullgårdsparken,740046166,7
pattern-0e6bcaa66101,1275005700001,Bus,57,Tullgårdsparken,740046175,8
pattern-0e6bcaa66101,1275005700001,Bus,57,Tullgårdsparken,740046172,9
pattern-0e6bcaa66101,1275005700001,Bus,57,Tullgårdsparken,740046219,10
pattern-0e6bcaa66101,1275005700001,Bus,57,Tullgårdsparken,740046218,11
pattern-0e6bcaa66101,1275005700001,Bus,57,Tullgårdsparken,740046217,12
pattern-0e6bcaa66101,1275005700001,Bus,57,Tullgårdsparken,740045965,13
pattern-0e6bcaa66101,1275005700001,Bus,57,Tullgårdsparken,740045964,14
pattern-0e6bcaa66101,1275005700001,Bus,57,Tullgårdsparken,740046033,15
pattern-0e6bcaa66101,1275005700001,Bus,57,Tullgårdsparken,740045464,16
pattern-0e6bcaa66101,1275005700001,Bus,57,Tullgårdsparken,740019408,17
pattern-0e6bcaa66101,1275005700001,Bus,57,Tullgårdsparken,740037355,18
pattern-0e6bcaa66101,1275005700001,Bus,57,Tullgårdsparken,740045461,19
pattern-0e6bcaa66101,1275005700001,Bus,57,Tullgårdsparken,740046002,20
pattern-0e6bcaa66101,1275005700001,Bus,57,Tullgårdsparken,slussen,21
pattern-0e6bcaa66101,1275005700001,Bus,57,Tullgårdsparken,740039043,22
pattern-0e6bcaa66101,1275005700001,Bus,57,Tullgårdsparken,740046168,23
pattern-0e6bcaa66101,1275005700001,Bus,57,Tullgårdsparken,740046169,24
pattern-0e6bcaa66101,1275005700001,Bus,57,Tullgårdsparken,740046170,25
pattern-0e6bcaa66101,1275005700001,Bus,57,Tullgårdsparken,740045463,26
pattern-0e6bcaa66101,1275005700001,Bus,57,Tullgårdsparken,740046189,27
pattern-0e6bcaa66101,1275005700001,Bus,57,Tullgårdsparken,740046009,28
pattern-0e6bcaa66101,1275005700001,Bus,57,Tullgårdsparken,740046006,29
pattern-0e6bcaa66101,1275005700001,Bus,57,Tullgårdsparken,740046055,30
pattern-0e6bcaa66101,1275005700001,Bus,57,Tullgårdsparken,740046090,31
pattern-0e6bcaa66101,1275005700001,Bus,57,Tullgårdsparken,740021655,32
pattern-0e6bcaa66101,1275005700001,Bus,57,Tullgårdsparken,740046122,33
pattern-586e1e18c3bc,1275006100001,Bus,61,Fredhäll,740045957,1
pattern-586e1e18c3bc,1275006100001,Bus,61,Fredhäll,740045962,2
pattern-586e1e18c3bc,1275006100001,Bus,61,Fredhäll,740046091,3
pattern-586e1e18c3bc,1275006100001,Bus,61,Fredhäll,740046146,4
pattern-586e1e18c3bc,1275006100001,Bus,61,Fredhäll,740046028,5
pattern-586e1e18c3bc,1275006100001,Bus,61,Fredhäll,740046027,6
pattern-586e1e18c3bc,1275006100001,Bus,61,Fredhäll,740046026,7
pattern-586e1e18c3bc,1275006100001,Bus,61,Fredhäll,odenplan,8
pattern-586e1e18c3bc,1275006100001,Bus,61,Fredhäll,740046025,9
pattern-586e1e18c3bc,1275006100001,Bus,61,Fredhäll,740021665,10
pattern-586e1e18c3bc,1275006100001,Bus,61,Fredhäll,740046075,11
pattern-586e1e18c3bc,1275006100001,Bus,61,Fredhäll,740021661,12
pattern-586e1e18c3bc,1275006100001,Bus,61,Fredhäll,740046095,13
pattern-586e1e18c3bc,1275006100001,Bus,61,Fredhäll,740046154,14
pattern-586e1e18c3bc,1275006100001,Bus,61,Fredhäll,740046112,15
pattern-586e1e18c3bc,1275006100001,Bus,61,Fredhäll,740046113,16
pattern-586e1e18c3bc,1275006100001,Bus,61,Fredhäll,740046106,17
pattern-586e1e18c3bc,1275006100001,Bus,61,Fredhäll,740046105,18
pattern-586e1e18c3bc,1275006100001,Bus,61,Fredhäll,740046104,19
pattern-59ea8af6b49c,1275006100001,Bus,61,Moa Martinsons torg,740045957,1
pattern-59ea8af6b49c,1275006100001,Bus,61,Moa Martinsons torg,740045962,2
pattern-59ea8af6b49c,1275006100001,Bus,61,Moa Martinsons torg,740046091,3
pattern-59ea8af6b49c,1275006100001,Bus,61,Moa Martinsons torg,740046146,4
pattern-59ea8af6b49c,1275006100001,Bus,61,Moa Martinsons torg,740046028,5
pattern-59ea8af6b49c,1275006100001,Bus,61,Moa Martinsons torg,740046027,6
pattern-59ea8af6b49c,1275006100001,Bus,61,Moa Martinsons torg,740046026,7
pattern-59ea8af6b49c,1275006100001,Bus,61,Moa Martinsons torg,odenplan,8
pattern-59ea8af6b49c,1275006100001,Bus,61,Moa Martinsons torg,740046060,9
pattern-59ea8af6b49c,1275006100001,Bus,61,Moa Martinsons torg,740046061,10
pattern-59ea8af6b49c,1275006100001,Bus,61,Moa Martinsons torg,740046139,11
pattern-59ea8af6b49c,1275006100001,Bus,61,Moa Martinsons torg,740045261,12
pattern-59ea8af6b49c,1275006100001,Bus,61,Moa Martinsons torg,740046080,13
pattern-59ea8af6b49c,1275006100001,Bus,61,Moa Martinsons torg,740046125,14
pattern-59ea8af6b49c,1275006100001,Bus,61,Moa Martinsons torg,740046121,15
pattern-59ea8af6b49c,1275006100001,Bus,61,Moa Martinsons torg,740021661,16
pattern-59ea8af6b49c,1275006100001,Bus,61,Moa Martinsons torg,740046095,17
pattern-59ea8af6b49c,1275006100001,Bus,61,Moa Martinsons torg,740046154,18
pattern-59ea8af6b49c,1275006100001,Bus,61,Moa Martinsons torg,740046112,19
pattern-59ea8af6b49c,1275006100001,Bus,61,Moa Martinsons torg,740046113,20
pattern-59ea8af6b49c,1275006100001,Bus,61,Moa Martinsons torg,740046106,21
pattern-59ea8af6b49c,1275006100001,Bus,61,Moa Martinsons torg,740046105,22
pattern-59ea8af6b49c,1275006100001,Bus,61,Moa Martinsons torg,740046214,23
pattern-59ea8af6b49c,1275006100001,Bus,61,Moa Martinsons torg,740021663,24
pattern-59ea8af6b49c,1275006100001,Bus,61,Moa Martinsons torg,740046103,25
pattern-59ea8af6b49c,1275006100001,Bus,61,Moa Martinsons torg,740046102,26
pattern-59ea8af6b49c,1275006100001,Bus,61,Moa Martinsons torg,740062695,27
pattern-684c19622f94,1275006100001,Bus,61,Moa Martinsons torg,740045957,1
pattern-684c19622f94,1275006100001,Bus,61,Moa Martinsons torg,740045962,2
pattern-684c19622f94,1275006100001,Bus,61,Moa Martinsons torg,740046091,3
pattern-684c19622f94,1275006100001,Bus,61,Moa Martinsons torg,740046146,4
pattern-684c19622f94,1275006100001,Bus,61,Moa Martinsons torg,740046028,5
pattern-684c19622f94,1275006100001,Bus,61,Moa Martinsons torg,740046027,6
pattern-684c19622f94,1275006100001,Bus,61,Moa Martinsons torg,740046026,7
pattern-684c19622f94,1275006100001,Bus,61,Moa Martinsons torg,odenplan,8
pattern-684c19622f94,1275006100001,Bus,61,Moa Martinsons torg,740046025,9
pattern-684c19622f94,1275006100001,Bus,61,Moa Martinsons torg,740021665,10
pattern-684c19622f94,1275006100001,Bus,61,Moa Martinsons torg,740046075,11
pattern-684c19622f94,1275006100001,Bus,61,Moa Martinsons torg,740021661,12
pattern-684c19622f94,1275006100001,Bus,61,Moa Martinsons torg,740046095,13
pattern-684c19622f94,1275006100001,Bus,61,Moa Martinsons torg,740046154,14
pattern-684c19622f94,1275006100001,Bus,61,Moa Martinsons torg,740046112,15
pattern-684c19622f94,1275006100001,Bus,61,Moa Martinsons torg,740046113,16
pattern-684c19622f94,1275006100001,Bus,61,Moa Martinsons torg,740046106,17
pattern-684c19622f94,1275006100001,Bus,61,Moa Martinsons torg,740046105,18
pattern-684c19622f94,1275006100001,Bus,61,Moa Martinsons torg,740046214,19
pattern-684c19622f94,1275006100001,Bus,61,Moa Martinsons torg,740021663,20
pattern-684c19622f94,1275006100001,Bus,61,Moa Martinsons torg,740046103,21
pattern-684c19622f94,1275006100001,Bus,61,Moa Martinsons torg,740046102,22
pattern-684c19622f94,1275006100001,Bus,61,Moa Martinsons torg,740062695,23
pattern-40926eee4a56,1275006100001,Bus,61,Ruddammen,740062695,1
pattern-40926eee4a56,1275006100001,Bus,61,Ruddammen,740046102,2
pattern-40926eee4a56,1275006100001,Bus,61,Ruddammen,740046103,3
pattern-40926eee4a56,1275006100001,Bus,61,Ruddammen,740021663,4
pattern-40926eee4a56,1275006100001,Bus,61,Ruddammen,740046104,5
pattern-40926eee4a56,1275006100001,Bus,61,Ruddammen,740046105,6
pattern-40926eee4a56,1275006100001,Bus,61,Ruddammen,740046106,7
pattern-40926eee4a56,1275006100001,Bus,61,Ruddammen,740046113,8
pattern-40926eee4a56,1275006100001,Bus,61,Ruddammen,740046112,9
pattern-40926eee4a56,1275006100001,Bus,61,Ruddammen,740046154,10
pattern-40926eee4a56,1275006100001,Bus,61,Ruddammen,740046095,11
pattern-40926eee4a56,1275006100001,Bus,61,Ruddammen,740021661,12
pattern-40926eee4a56,1275006100001,Bus,61,Ruddammen,740046120,13
pattern-40926eee4a56,1275006100001,Bus,61,Ruddammen,740046121,14
pattern-40926eee4a56,1275006100001,Bus,61,Ruddammen,740046124,15
pattern-40926eee4a56,1275006100001,Bus,61,Ruddammen,740046079,16
pattern-40926eee4a56,1275006100001,Bus,61,Ruddammen,740045261,17
pattern-40926eee4a56,1275006100001,Bus,61,Ruddammen,740046139,18
pattern-40926eee4a56,1275006100001,Bus,61,Ruddammen,740046062,19
pattern-40926eee4a56,1275006100001,Bus,61,Ruddammen,740046061,20
pattern-40926eee4a56,1275006100001,Bus,61,Ruddammen,740046060,21
pattern-40926eee4a56,1275006100001,Bus,61,Ruddammen,odenplan,22
pattern-40926eee4a56,1275006100001,Bus,61,Ruddammen,740046026,23
pattern-40926eee4a56,1275006100001,Bus,61,Ruddammen,740046027,24
pattern-40926eee4a56,1275006100001,Bus,61,Ruddammen,740046029,25
pattern-40926eee4a56,1275006100001,Bus,61,Ruddammen,740046146,26
pattern-40926eee4a56,1275006100001,Bus,61,Ruddammen,740046091,27
pattern-40926eee4a56,1275006100001,Bus,61,Ruddammen,740045962,28
pattern-40926eee4a56,1275006100001,Bus,61,Ruddammen,740045957,29
pattern-c9d82daa1a6d,1275006100001,Bus,61,Ruddammen,740062695,1
pattern-c9d82daa1a6d,1275006100001,Bus,61,Ruddammen,740046102,2
pattern-c9d82daa1a6d,1275006100001,Bus,61,Ruddammen,740046103,3
pattern-c9d82daa1a6d,1275006100001,Bus,61,Ruddammen,740021663,4
pattern-c9d82daa1a6d,1275006100001,Bus,61,Ruddammen,740046104,5
pattern-c9d82daa1a6d,1275006100001,Bus,61,Ruddammen,740046105,6
pattern-c9d82daa1a6d,1275006100001,Bus,61,Ruddammen,740046106,7
pattern-c9d82daa1a6d,1275006100001,Bus,61,Ruddammen,740046113,8
pattern-c9d82daa1a6d,1275006100001,Bus,61,Ruddammen,740046112,9
pattern-c9d82daa1a6d,1275006100001,Bus,61,Ruddammen,740046154,10
pattern-c9d82daa1a6d,1275006100001,Bus,61,Ruddammen,740046095,11
pattern-c9d82daa1a6d,1275006100001,Bus,61,Ruddammen,740021661,12
pattern-c9d82daa1a6d,1275006100001,Bus,61,Ruddammen,740046075,13
pattern-c9d82daa1a6d,1275006100001,Bus,61,Ruddammen,740021665,14
pattern-c9d82daa1a6d,1275006100001,Bus,61,Ruddammen,740046025,15
pattern-c9d82daa1a6d,1275006100001,Bus,61,Ruddammen,740046060,16
pattern-c9d82daa1a6d,1275006100001,Bus,61,Ruddammen,odenplan,17
pattern-c9d82daa1a6d,1275006100001,Bus,61,Ruddammen,740046026,18
pattern-c9d82daa1a6d,1275006100001,Bus,61,Ruddammen,740046027,19
pattern-c9d82daa1a6d,1275006100001,Bus,61,Ruddammen,740046029,20
pattern-c9d82daa1a6d,1275006100001,Bus,61,Ruddammen,740046146,21
pattern-c9d82daa1a6d,1275006100001,Bus,61,Ruddammen,740046091,22
pattern-c9d82daa1a6d,1275006100001,Bus,61,Ruddammen,740045962,23
pattern-c9d82daa1a6d,1275006100001,Bus,61,Ruddammen,740045957,24
pattern-e84887ce91c3,1275006100001,Bus,61,Ruddammen,740046104,1
pattern-e84887ce91c3,1275006100001,Bus,61,Ruddammen,740046105,2
pattern-e84887ce91c3,1275006100001,Bus,61,Ruddammen,740046106,3
pattern-e84887ce91c3,1275006100001,Bus,61,Ruddammen,740046113,4
pattern-e84887ce91c3,1275006100001,Bus,61,Ruddammen,740046112,5
pattern-e84887ce91c3,1275006100001,Bus,61,Ruddammen,740046154,6
pattern-e84887ce91c3,1275006100001,Bus,61,Ruddammen,740046095,7
pattern-e84887ce91c3,1275006100001,Bus,61,Ruddammen,740021661,8
pattern-e84887ce91c3,1275006100001,Bus,61,Ruddammen,740046120,9
pattern-e84887ce91c3,1275006100001,Bus,61,Ruddammen,740046121,10
pattern-e84887ce91c3,1275006100001,Bus,61,Ruddammen,740046124,11
pattern-e84887ce91c3,1275006100001,Bus,61,Ruddammen,740046079,12
pattern-e84887ce91c3,1275006100001,Bus,61,Ruddammen,740045261,13
pattern-e84887ce91c3,1275006100001,Bus,61,Ruddammen,740046139,14
pattern-e84887ce91c3,1275006100001,Bus,61,Ruddammen,740046062,15
pattern-e84887ce91c3,1275006100001,Bus,61,Ruddammen,740046061,16
pattern-e84887ce91c3,1275006100001,Bus,61,Ruddammen,740046060,17
pattern-e84887ce91c3,1275006100001,Bus,61,Ruddammen,odenplan,18
pattern-e84887ce91c3,1275006100001,Bus,61,Ruddammen,740046026,19
pattern-e84887ce91c3,1275006100001,Bus,61,Ruddammen,740046027,20
pattern-e84887ce91c3,1275006100001,Bus,61,Ruddammen,740046029,21
pattern-e84887ce91c3,1275006100001,Bus,61,Ruddammen,740046146,22
pattern-e84887ce91c3,1275006100001,Bus,61,Ruddammen,740046091,23
pattern-e84887ce91c3,1275006100001,Bus,61,Ruddammen,740045962,24
pattern-e84887ce91c3,1275006100001,Bus,61,Ruddammen,740045957,25
pattern-ef55fbd9cd6c,1275006100001,Bus,61,Ruddammen,740046104,1
pattern-ef55fbd9cd6c,1275006100001,Bus,61,Ruddammen,740046105,2
pattern-ef55fbd9cd6c,1275006100001,Bus,61,Ruddammen,740046106,3
pattern-ef55fbd9cd6c,1275006100001,Bus,61,Ruddammen,740046113,4
pattern-ef55fbd9cd6c,1275006100001,Bus,61,Ruddammen,740046112,5
pattern-ef55fbd9cd6c,1275006100001,Bus,61,Ruddammen,740046154,6
pattern-ef55fbd9cd6c,1275006100001,Bus,61,Ruddammen,740046095,7
pattern-ef55fbd9cd6c,1275006100001,Bus,61,Ruddammen,740021661,8
pattern-ef55fbd9cd6c,1275006100001,Bus,61,Ruddammen,740046075,9
pattern-ef55fbd9cd6c,1275006100001,Bus,61,Ruddammen,740021665,10
pattern-ef55fbd9cd6c,1275006100001,Bus,61,Ruddammen,740046025,11
pattern-ef55fbd9cd6c,1275006100001,Bus,61,Ruddammen,740046060,12
pattern-ef55fbd9cd6c,1275006100001,Bus,61,Ruddammen,odenplan,13
pattern-ef55fbd9cd6c,1275006100001,Bus,61,Ruddammen,740046026,14
pattern-ef55fbd9cd6c,1275006100001,Bus,61,Ruddammen,740046027,15
pattern-ef55fbd9cd6c,1275006100001,Bus,61,Ruddammen,740046029,16
pattern-ef55fbd9cd6c,1275006100001,Bus,61,Ruddammen,740046146,17
pattern-ef55fbd9cd6c,1275006100001,Bus,61,Ruddammen,740046091,18
pattern-ef55fbd9cd6c,1275006100001,Bus,61,Ruddammen,740045962,19
pattern-ef55fbd9cd6c,1275006100001,Bus,61,Ruddammen,740045957,20
pattern-6f2207dbc1d6,1275006500001,Bus,65,Moa Martinsons torg,740045457,1
pattern-6f2207dbc1d6,1275006500001,Bus,65,Moa Martinsons torg,740045404,2
pattern-6f2207dbc1d6,1275006500001,Bus,65,Moa Martinsons torg,740045460,3
pattern-6f2207dbc1d6,1275006500001,Bus,65,Moa Martinsons torg,740010947,4
pattern-6f2207dbc1d6,1275006500001,Bus,65,Moa Martinsons torg,740045461,5
pattern-6f2207dbc1d6,1275006500001,Bus,65,Moa Martinsons torg,740046019,6
pattern-6f2207dbc1d6,1275006500001,Bus,65,Moa Martinsons torg,stockholm-central,7
pattern-6f2207dbc1d6,1275006500001,Bus,65,Moa Martinsons torg,740004383,8
pattern-6f2207dbc1d6,1275006500001,Bus,65,Moa Martinsons torg,740046127,9
pattern-6f2207dbc1d6,1275006500001,Bus,65,Moa Martinsons torg,740046126,10
pattern-6f2207dbc1d6,1275006500001,Bus,65,Moa Martinsons torg,740045955,11
pattern-6f2207dbc1d6,1275006500001,Bus,65,Moa Martinsons torg,740045954,12
pattern-6f2207dbc1d6,1275006500001,Bus,65,Moa Martinsons torg,740046044,13
pattern-6f2207dbc1d6,1275006500001,Bus,65,Moa Martinsons torg,740045981,14
pattern-6f2207dbc1d6,1275006500001,Bus,65,Moa Martinsons torg,740045984,15
pattern-6f2207dbc1d6,1275006500001,Bus,65,Moa Martinsons torg,740045985,16
pattern-6f2207dbc1d6,1275006500001,Bus,65,Moa Martinsons torg,740045983,17
pattern-6f2207dbc1d6,1275006500001,Bus,65,Moa Martinsons torg,740045980,18
pattern-6f2207dbc1d6,1275006500001,Bus,65,Moa Martinsons torg,740063007,19
pattern-6f2207dbc1d6,1275006500001,Bus,65,Moa Martinsons torg,740064035,20
pattern-6f2207dbc1d6,1275006500001,Bus,65,Moa Martinsons torg,740062695,21
pattern-ac9a4beaadc3,1275006500001,Bus,65,Moa Martinsons torg,740010947,1
pattern-ac9a4beaadc3,1275006500001,Bus,65,Moa Martinsons torg,740073532,2
pattern-ac9a4beaadc3,1275006500001,Bus,65,Moa Martinsons torg,stockholm-central,3
pattern-ac9a4beaadc3,1275006500001,Bus,65,Moa Martinsons torg,740004383,4
pattern-ac9a4beaadc3,1275006500001,Bus,65,Moa Martinsons torg,740046127,5
pattern-ac9a4beaadc3,1275006500001,Bus,65,Moa Martinsons torg,740046126,6
pattern-ac9a4beaadc3,1275006500001,Bus,65,Moa Martinsons torg,740045955,7
pattern-ac9a4beaadc3,1275006500001,Bus,65,Moa Martinsons torg,740045954,8
pattern-ac9a4beaadc3,1275006500001,Bus,65,Moa Martinsons torg,740046044,9
pattern-ac9a4beaadc3,1275006500001,Bus,65,Moa Martinsons torg,740045981,10
pattern-ac9a4beaadc3,1275006500001,Bus,65,Moa Martinsons torg,740045984,11
pattern-ac9a4beaadc3,1275006500001,Bus,65,Moa Martinsons torg,740045985,12
pattern-ac9a4beaadc3,1275006500001,Bus,65,Moa Martinsons torg,740045983,13
pattern-ac9a4beaadc3,1275006500001,Bus,65,Moa Martinsons torg,740045980,14
pattern-ac9a4beaadc3,1275006500001,Bus,65,Moa Martinsons torg,740063007,15
pattern-ac9a4beaadc3,1275006500001,Bus,65,Moa Martinsons torg,740064035,16
pattern-ac9a4beaadc3,1275006500001,Bus,65,Moa Martinsons torg,740062695,17
pattern-b8a6fb20f44f,1275006500001,Bus,65,Moa Martinsons torg,740045457,1
pattern-b8a6fb20f44f,1275006500001,Bus,65,Moa Martinsons torg,740045404,2
pattern-b8a6fb20f44f,1275006500001,Bus,65,Moa Martinsons torg,740045460,3
pattern-b8a6fb20f44f,1275006500001,Bus,65,Moa Martinsons torg,740010947,4
pattern-b8a6fb20f44f,1275006500001,Bus,65,Moa Martinsons torg,740073532,5
pattern-b8a6fb20f44f,1275006500001,Bus,65,Moa Martinsons torg,stockholm-central,6
pattern-b8a6fb20f44f,1275006500001,Bus,65,Moa Martinsons torg,740004383,7
pattern-b8a6fb20f44f,1275006500001,Bus,65,Moa Martinsons torg,740046127,8
pattern-b8a6fb20f44f,1275006500001,Bus,65,Moa Martinsons torg,740046126,9
pattern-b8a6fb20f44f,1275006500001,Bus,65,Moa Martinsons torg,740045955,10
pattern-b8a6fb20f44f,1275006500001,Bus,65,Moa Martinsons torg,740045954,11
pattern-b8a6fb20f44f,1275006500001,Bus,65,Moa Martinsons torg,740046044,12
pattern-b8a6fb20f44f,1275006500001,Bus,65,Moa Martinsons torg,740045981,13
pattern-b8a6fb20f44f,1275006500001,Bus,65,Moa Martinsons torg,740045984,14
pattern-b8a6fb20f44f,1275006500001,Bus,65,Moa Martinsons torg,740045985,15
pattern-b8a6fb20f44f,1275006500001,Bus,65,Moa Martinsons torg,740045983,16
pattern-b8a6fb20f44f,1275006500001,Bus,65,Moa Martinsons torg,740045980,17
pattern-b8a6fb20f44f,1275006500001,Bus,65,Moa Martinsons torg,740063007,18
pattern-b8a6fb20f44f,1275006500001,Bus,65,Moa Martinsons torg,740064035,19
pattern-b8a6fb20f44f,1275006500001,Bus,65,Moa Martinsons torg,740062695,20
pattern-d605461bc74a,1275006500001,Bus,65,Moa Martinsons torg,740045956,1
pattern-d605461bc74a,1275006500001,Bus,65,Moa Martinsons torg,740045955,2
pattern-d605461bc74a,1275006500001,Bus,65,Moa Martinsons torg,740045954,3
pattern-d605461bc74a,1275006500001,Bus,65,Moa Martinsons torg,740046044,4
pattern-d605461bc74a,1275006500001,Bus,65,Moa Martinsons torg,740045981,5
pattern-d605461bc74a,1275006500001,Bus,65,Moa Martinsons torg,740045984,6
pattern-d605461bc74a,1275006500001,Bus,65,Moa Martinsons torg,740045985,7
pattern-d605461bc74a,1275006500001,Bus,65,Moa Martinsons torg,740045983,8
pattern-d605461bc74a,1275006500001,Bus,65,Moa Martinsons torg,740045980,9
pattern-d605461bc74a,1275006500001,Bus,65,Moa Martinsons torg,740063007,10
pattern-d605461bc74a,1275006500001,Bus,65,Moa Martinsons torg,740064035,11
pattern-d605461bc74a,1275006500001,Bus,65,Moa Martinsons torg,740062695,12
pattern-68547d65a225,1275006500001,Bus,65,Scheelegatan,740062695,1
pattern-68547d65a225,1275006500001,Bus,65,Scheelegatan,740064035,2
pattern-68547d65a225,1275006500001,Bus,65,Scheelegatan,740063007,3
pattern-68547d65a225,1275006500001,Bus,65,Scheelegatan,740045980,4
pattern-68547d65a225,1275006500001,Bus,65,Scheelegatan,740045983,5
pattern-68547d65a225,1275006500001,Bus,65,Scheelegatan,740045985,6
pattern-68547d65a225,1275006500001,Bus,65,Scheelegatan,740045984,7
pattern-68547d65a225,1275006500001,Bus,65,Scheelegatan,740045981,8
pattern-68547d65a225,1275006500001,Bus,65,Scheelegatan,740046044,9
pattern-68547d65a225,1275006500001,Bus,65,Scheelegatan,740045954,10
pattern-68547d65a225,1275006500001,Bus,65,Scheelegatan,740045955,11
pattern-7922559b6229,1275006500001,Bus,65,Stockholm Kastellholmsbron,740062695,1
pattern-7922559b6229,1275006500001,Bus,65,Stockholm Kastellholmsbron,740064035,2
pattern-7922559b6229,1275006500001,Bus,65,Stockholm Kastellholmsbron,740063007,3
pattern-7922559b6229,1275006500001,Bus,65,Stockholm Kastellholmsbron,740045980,4
pattern-7922559b6229,1275006500001,Bus,65,Stockholm Kastellholmsbron,740045983,5
pattern-7922559b6229,1275006500001,Bus,65,Stockholm Kastellholmsbron,740045985,6
pattern-7922559b6229,1275006500001,Bus,65,Stockholm Kastellholmsbron,740045984,7
pattern-7922559b6229,1275006500001,Bus,65,Stockholm Kastellholmsbron,740045981,8
pattern-7922559b6229,1275006500001,Bus,65,Stockholm Kastellholmsbron,740046044,9
pattern-7922559b6229,1275006500001,Bus,65,Stockholm Kastellholmsbron,740045954,10
pattern-7922559b6229,1275006500001,Bus,65,Stockholm Kastellholmsbron,740046139,11
pattern-7922559b6229,1275006500001,Bus,65,Stockholm Kastellholmsbron,740046126,12
pattern-7922559b6229,1275006500001,Bus,65,Stockholm Kastellholmsbron,740046127,13
pattern-7922559b6229,1275006500001,Bus,65,Stockholm Kastellholmsbron,740004383,14
pattern-7922559b6229,1275006500001,Bus,65,Stockholm Kastellholmsbron,stockholm-central,15
pattern-7922559b6229,1275006500001,Bus,65,Stockholm Kastellholmsbron,740046019,16
pattern-7922559b6229,1275006500001,Bus,65,Stockholm Kastellholmsbron,740046197,17
pattern-7922559b6229,1275006500001,Bus,65,Stockholm Kastellholmsbron,740010947,18
pattern-7922559b6229,1275006500001,Bus,65,Stockholm Kastellholmsbron,740045460,19
pattern-7922559b6229,1275006500001,Bus,65,Stockholm Kastellholmsbron,740045404,20
pattern-7922559b6229,1275006500001,Bus,65,Stockholm Kastellholmsbron,740045457,21
pattern-9469517f53c1,1275006500001,Bus,65,Stockholm Kastellholmsbron,740062695,1
pattern-9469517f53c1,1275006500001,Bus,65,Stockholm Kastellholmsbron,740064035,2
pattern-9469517f53c1,1275006500001,Bus,65,Stockholm Kastellholmsbron,740063007,3
pattern-9469517f53c1,1275006500001,Bus,65,Stockholm Kastellholmsbron,740045980,4
pattern-9469517f53c1,1275006500001,Bus,65,Stockholm Kastellholmsbron,740045983,5
pattern-9469517f53c1,1275006500001,Bus,65,Stockholm Kastellholmsbron,740045985,6
pattern-9469517f53c1,1275006500001,Bus,65,Stockholm Kastellholmsbron,740045984,7
pattern-9469517f53c1,1275006500001,Bus,65,Stockholm Kastellholmsbron,740045981,8
pattern-9469517f53c1,1275006500001,Bus,65,Stockholm Kastellholmsbron,740046044,9
pattern-9469517f53c1,1275006500001,Bus,65,Stockholm Kastellholmsbron,740045954,10
pattern-9469517f53c1,1275006500001,Bus,65,Stockholm Kastellholmsbron,740046139,11
pattern-9469517f53c1,1275006500001,Bus,65,Stockholm Kastellholmsbron,740046126,12
pattern-9469517f53c1,1275006500001,Bus,65,Stockholm Kastellholmsbron,740046127,13
pattern-9469517f53c1,1275006500001,Bus,65,Stockholm Kastellholmsbron,740004383,14
pattern-9469517f53c1,1275006500001,Bus,65,Stockholm Kastellholmsbron,stockholm-central,15
pattern-9469517f53c1,1275006500001,Bus,65,Stockholm Kastellholmsbron,740037355,16
pattern-9469517f53c1,1275006500001,Bus,65,Stockholm Kastellholmsbron,740045461,17
pattern-9469517f53c1,1275006500001,Bus,65,Stockholm Kastellholmsbron,740010947,18
pattern-9469517f53c1,1275006500001,Bus,65,Stockholm Kastellholmsbron,740045460,19
pattern-9469517f53c1,1275006500001,Bus,65,Stockholm Kastellholmsbron,740045404,20
pattern-9469517f53c1,1275006500001,Bus,65,Stockholm Kastellholmsbron,740045457,21
pattern-6726d127689b,1275006500001,Bus,65,Stockholm Nationalmuseum,740062695,1
pattern-6726d127689b,1275006500001,Bus,65,Stockholm Nationalmuseum,740064035,2
pattern-6726d127689b,1275006500001,Bus,65,Stockholm Nationalmuseum,740063007,3
pattern-6726d127689b,1275006500001,Bus,65,Stockholm Nationalmuseum,740045980,4
pattern-6726d127689b,1275006500001,Bus,65,Stockholm Nationalmuseum,740045983,5
pattern-6726d127689b,1275006500001,Bus,65,Stockholm Nationalmuseum,740045985,6
pattern-6726d127689b,1275006500001,Bus,65,Stockholm Nationalmuseum,740045984,7
pattern-6726d127689b,1275006500001,Bus,65,Stockholm Nationalmuseum,740045981,8
pattern-6726d127689b,1275006500001,Bus,65,Stockholm Nationalmuseum,740046044,9
pattern-6726d127689b,1275006500001,Bus,65,Stockholm Nationalmuseum,740045954,10
pattern-6726d127689b,1275006500001,Bus,65,Stockholm Nationalmuseum,740046139,11
pattern-6726d127689b,1275006500001,Bus,65,Stockholm Nationalmuseum,740046126,12
pattern-6726d127689b,1275006500001,Bus,65,Stockholm Nationalmuseum,740046127,13
pattern-6726d127689b,1275006500001,Bus,65,Stockholm Nationalmuseum,740004383,14
pattern-6726d127689b,1275006500001,Bus,65,Stockholm Nationalmuseum,stockholm-central,15
pattern-6726d127689b,1275006500001,Bus,65,Stockholm Nationalmuseum,740037355,16
pattern-6726d127689b,1275006500001,Bus,65,Stockholm Nationalmuseum,740045461,17
pattern-6726d127689b,1275006500001,Bus,65,Stockholm Nationalmuseum,740010947,18
pattern-4a4c826caf79,1275006600001,Bus,66,Hornstull T-bana,740046233,1
pattern-4a4c826caf79,1275006600001,Bus,66,Hornstull T-bana,740046231,2
pattern-4a4c826caf79,1275006600001,Bus,66,Hornstull T-bana,740046053,3
pattern-4a4c826caf79,1275006600001,Bus,66,Hornstull T-bana,740046052,4
pattern-4a4c826caf79,1275006600001,Bus,66,Hornstull T-bana,740046054,5
pattern-4a4c826caf79,1275006600001,Bus,66,Hornstull T-bana,740046088,6
pattern-4a4c826caf79,1275006600001,Bus,66,Hornstull T-bana,740046089,7
pattern-4a4c826caf79,1275006600001,Bus,66,Hornstull T-bana,740021655,8
pattern-4a4c826caf79,1275006600001,Bus,66,Hornstull T-bana,740046090,9
pattern-4a4c826caf79,1275006600001,Bus,66,Hornstull T-bana,740046055,10
pattern-4a4c826caf79,1275006600001,Bus,66,Hornstull T-bana,740046006,11
pattern-4a4c826caf79,1275006600001,Bus,66,Hornstull T-bana,740046009,12
pattern-4a4c826caf79,1275006600001,Bus,66,Hornstull T-bana,740046189,13
pattern-4a4c826caf79,1275006600001,Bus,66,Hornstull T-bana,740045462,14
pattern-4a4c826caf79,1275006600001,Bus,66,Hornstull T-bana,740046160,15
pattern-4a4c826caf79,1275006600001,Bus,66,Hornstull T-bana,740046159,16
pattern-4a4c826caf79,1275006600001,Bus,66,Hornstull T-bana,740021657,17
pattern-4a4c826caf79,1275006600001,Bus,66,Hornstull T-bana,740071562,18
pattern-4a4c826caf79,1275006600001,Bus,66,Hornstull T-bana,740046229,19
pattern-4a4c826caf79,1275006600001,Bus,66,Hornstull T-bana,740046221,20
pattern-4a4c826caf79,1275006600001,Bus,66,Hornstull T-bana,740046223,21
pattern-4a4c826caf79,1275006600001,Bus,66,Hornstull T-bana,740046228,22
pattern-4a4c826caf79,1275006600001,Bus,66,Hornstull T-bana,740021658,23
pattern-180807a583b1,1275006600001,Bus,66,Stockholm Reimersholme,740046233,1
pattern-180807a583b1,1275006600001,Bus,66,Stockholm Reimersholme,740046231,2
pattern-180807a583b1,1275006600001,Bus,66,Stockholm Reimersholme,740046053,3
pattern-180807a583b1,1275006600001,Bus,66,Stockholm Reimersholme,740046052,4
pattern-180807a583b1,1275006600001,Bus,66,Stockholm Reimersholme,740046054,5
pattern-180807a583b1,1275006600001,Bus,66,Stockholm Reimersholme,740046088,6
pattern-180807a583b1,1275006600001,Bus,66,Stockholm Reimersholme,740046089,7
pattern-180807a583b1,1275006600001,Bus,66,Stockholm Reimersholme,740021655,8
pattern-180807a583b1,1275006600001,Bus,66,Stockholm Reimersholme,740046090,9
pattern-180807a583b1,1275006600001,Bus,66,Stockholm Reimersholme,740046055,10
pattern-180807a583b1,1275006600001,Bus,66,Stockholm Reimersholme,740046006,11
pattern-180807a583b1,1275006600001,Bus,66,Stockholm Reimersholme,740046009,12
pattern-180807a583b1,1275006600001,Bus,66,Stockholm Reimersholme,740046189,13
pattern-180807a583b1,1275006600001,Bus,66,Stockholm Reimersholme,740045462,14
pattern-180807a583b1,1275006600001,Bus,66,Stockholm Reimersholme,740046160,15
pattern-180807a583b1,1275006600001,Bus,66,Stockholm Reimersholme,740046159,16
pattern-180807a583b1,1275006600001,Bus,66,Stockholm Reimersholme,740021657,17
pattern-180807a583b1,1275006600001,Bus,66,Stockholm Reimersholme,740071562,18
pattern-180807a583b1,1275006600001,Bus,66,Stockholm Reimersholme,740046229,19
pattern-180807a583b1,1275006600001,Bus,66,Stockholm Reimersholme,740046221,20
pattern-180807a583b1,1275006600001,Bus,66,Stockholm Reimersholme,740046223,21
pattern-180807a583b1,1275006600001,Bus,66,Stockholm Reimersholme,740046228,22
pattern-180807a583b1,1275006600001,Bus,66,Stockholm Reimersholme,740021658,23
pattern-180807a583b1,1275006600001,Bus,66,Stockholm Reimersholme,740046151,24
pattern-180807a583b1,1275006600001,Bus,66,Stockholm Reimersholme,740046226,25
pattern-180807a583b1,1275006600001,Bus,66,Stockholm Reimersholme,740046225,26
pattern-180807a583b1,1275006600001,Bus,66,Stockholm Reimersholme,740046222,27
pattern-9b92ea4c2775,1275006600001,Bus,66,Stockholm Reimersholme,740046233,1
pattern-9b92ea4c2775,1275006600001,Bus,66,Stockholm Reimersholme,740046231,2
pattern-9b92ea4c2775,1275006600001,Bus,66,Stockholm Reimersholme,740046053,3
pattern-9b92ea4c2775,1275006600001,Bus,66,Stockholm Reimersholme,740046052,4
pattern-9b92ea4c2775,1275006600001,Bus,66,Stockholm Reimersholme,740046054,5
pattern-9b92ea4c2775,1275006600001,Bus,66,Stockholm Reimersholme,740046088,6
pattern-9b92ea4c2775,1275006600001,Bus,66,Stockholm Reimersholme,740046089,7
pattern-9b92ea4c2775,1275006600001,Bus,66,Stockholm Reimersholme,740021655,8
pattern-9b92ea4c2775,1275006600001,Bus,66,Stockholm Reimersholme,740046090,9
pattern-9b92ea4c2775,1275006600001,Bus,66,Stockholm Reimersholme,740046055,10
pattern-9b92ea4c2775,1275006600001,Bus,66,Stockholm Reimersholme,740046006,11
pattern-9b92ea4c2775,1275006600001,Bus,66,Stockholm Reimersholme,740046009,12
pattern-9b92ea4c2775,1275006600001,Bus,66,Stockholm Reimersholme,740046189,13
pattern-9b92ea4c2775,1275006600001,Bus,66,Stockholm Reimersholme,740045463,14
pattern-9b92ea4c2775,1275006600001,Bus,66,Stockholm Reimersholme,740046170,15
pattern-9b92ea4c2775,1275006600001,Bus,66,Stockholm Reimersholme,740046169,16
pattern-9b92ea4c2775,1275006600001,Bus,66,Stockholm Reimersholme,740046168,17
pattern-9b92ea4c2775,1275006600001,Bus,66,Stockholm Reimersholme,740046159,18
pattern-9b92ea4c2775,1275006600001,Bus,66,Stockholm Reimersholme,740021657,19
pattern-9b92ea4c2775,1275006600001,Bus,66,Stockholm Reimersholme,740071562,20
pattern-9b92ea4c2775,1275006600001,Bus,66,Stockholm Reimersholme,740046229,21
pattern-9b92ea4c2775,1275006600001,Bus,66,Stockholm Reimersholme,740046221,22
pattern-9b92ea4c2775,1275006600001,Bus,66,Stockholm Reimersholme,740046223,23
pattern-9b92ea4c2775,1275006600001,Bus,66,Stockholm Reimersholme,740046228,24
pattern-9b92ea4c2775,1275006600001,Bus,66,Stockholm Reimersholme,740021658,25
pattern-9b92ea4c2775,1275006600001,Bus,66,Stockholm Reimersholme,740046151,26
pattern-9b92ea4c2775,1275006600001,Bus,66,Stockholm Reimersholme,740046226,27
pattern-9b92ea4c2775,1275006600001,Bus,66,Stockholm Reimersholme,740046225,28
pattern-9b92ea4c2775,1275006600001,Bus,66,Stockholm Reimersholme,740046222,29
pattern-0fa9d114273b,1275006600001,Bus,66,Stockholm Tengdahlsgatan,740046222,1
pattern-0fa9d114273b,1275006600001,Bus,66,Stockholm Tengdahlsgatan,740046224,2
pattern-0fa9d114273b,1275006600001,Bus,66,Stockholm Tengdahlsgatan,740046226,3
pattern-0fa9d114273b,1275006600001,Bus,66,Stockholm Tengdahlsgatan,740046151,4
pattern-0fa9d114273b,1275006600001,Bus,66,Stockholm Tengdahlsgatan,740021658,5
pattern-0fa9d114273b,1275006600001,Bus,66,Stockholm Tengdahlsgatan,740046228,6
pattern-0fa9d114273b,1275006600001,Bus,66,Stockholm Tengdahlsgatan,740046223,7
pattern-0fa9d114273b,1275006600001,Bus,66,Stockholm Tengdahlsgatan,740046221,8
pattern-0fa9d114273b,1275006600001,Bus,66,Stockholm Tengdahlsgatan,740046229,9
pattern-0fa9d114273b,1275006600001,Bus,66,Stockholm Tengdahlsgatan,740071562,10
pattern-0fa9d114273b,1275006600001,Bus,66,Stockholm Tengdahlsgatan,740046230,11
pattern-0fa9d114273b,1275006600001,Bus,66,Stockholm Tengdahlsgatan,740021657,12
pattern-0fa9d114273b,1275006600001,Bus,66,Stockholm Tengdahlsgatan,740046159,13
pattern-0fa9d114273b,1275006600001,Bus,66,Stockholm Tengdahlsgatan,740046168,14
pattern-0fa9d114273b,1275006600001,Bus,66,Stockholm Tengdahlsgatan,740046169,15
pattern-0fa9d114273b,1275006600001,Bus,66,Stockholm Tengdahlsgatan,740046170,16
pattern-0fa9d114273b,1275006600001,Bus,66,Stockholm Tengdahlsgatan,740045463,17
pattern-0fa9d114273b,1275006600001,Bus,66,Stockholm Tengdahlsgatan,740046189,18
pattern-0fa9d114273b,1275006600001,Bus,66,Stockholm Tengdahlsgatan,740046009,19
pattern-0fa9d114273b,1275006600001,Bus,66,Stockholm Tengdahlsgatan,740046006,20
pattern-0fa9d114273b,1275006600001,Bus,66,Stockholm Tengdahlsgatan,740046055,21
pattern-0fa9d114273b,1275006600001,Bus,66,Stockholm Tengdahlsgatan,740046090,22
pattern-0fa9d114273b,1275006600001,Bus,66,Stockholm Tengdahlsgatan,740021655,23
pattern-0fa9d114273b,1275006600001,Bus,66,Stockholm Tengdahlsgatan,740046089,24
pattern-0fa9d114273b,1275006600001,Bus,66,Stockholm Tengdahlsgatan,740046088,25
pattern-0fa9d114273b,1275006600001,Bus,66,Stockholm Tengdahlsgatan,740046135,26
pattern-0fa9d114273b,1275006600001,Bus,66,Stockholm Tengdahlsgatan,740046054,27
pattern-0fa9d114273b,1275006600001,Bus,66,Stockholm Tengdahlsgatan,740046052,28
pattern-0fa9d114273b,1275006600001,Bus,66,Stockholm Tengdahlsgatan,740046053,29
pattern-0fa9d114273b,1275006600001,Bus,66,Stockholm Tengdahlsgatan,740046231,30
pattern-0fa9d114273b,1275006600001,Bus,66,Stockholm Tengdahlsgatan,740046233,31
pattern-106df73885af,1275006600001,Bus,66,Stockholm Tengdahlsgatan,740046222,1
pattern-106df73885af,1275006600001,Bus,66,Stockholm Tengdahlsgatan,740046224,2
pattern-106df73885af,1275006600001,Bus,66,Stockholm Tengdahlsgatan,740046226,3
pattern-106df73885af,1275006600001,Bus,66,Stockholm Tengdahlsgatan,740046151,4
pattern-106df73885af,1275006600001,Bus,66,Stockholm Tengdahlsgatan,740021658,5
pattern-106df73885af,1275006600001,Bus,66,Stockholm Tengdahlsgatan,740046228,6
pattern-106df73885af,1275006600001,Bus,66,Stockholm Tengdahlsgatan,740046223,7
pattern-106df73885af,1275006600001,Bus,66,Stockholm Tengdahlsgatan,740046221,8
pattern-106df73885af,1275006600001,Bus,66,Stockholm Tengdahlsgatan,740046229,9
pattern-106df73885af,1275006600001,Bus,66,Stockholm Tengdahlsgatan,740071562,10
pattern-106df73885af,1275006600001,Bus,66,Stockholm Tengdahlsgatan,740046230,11
pattern-106df73885af,1275006600001,Bus,66,Stockholm Tengdahlsgatan,740021657,12
pattern-106df73885af,1275006600001,Bus,66,Stockholm Tengdahlsgatan,740046158,13
pattern-106df73885af,1275006600001,Bus,66,Stockholm Tengdahlsgatan,740046160,14
pattern-106df73885af,1275006600001,Bus,66,Stockholm Tengdahlsgatan,740045462,15
pattern-106df73885af,1275006600001,Bus,66,Stockholm Tengdahlsgatan,740046189,16
pattern-106df73885af,1275006600001,Bus,66,Stockholm Tengdahlsgatan,740046009,17
pattern-106df73885af,1275006600001,Bus,66,Stockholm Tengdahlsgatan,740046006,18
pattern-106df73885af,1275006600001,Bus,66,Stockholm Tengdahlsgatan,740046055,19
pattern-106df73885af,1275006600001,Bus,66,Stockholm Tengdahlsgatan,740046090,20
pattern-106df73885af,1275006600001,Bus,66,Stockholm Tengdahlsgatan,740021655,21
pattern-106df73885af,1275006600001,Bus,66,Stockholm Tengdahlsgatan,740046089,22
pattern-106df73885af,1275006600001,Bus,66,Stockholm Tengdahlsgatan,740046088,23
pattern-106df73885af,1275006600001,Bus,66,Stockholm Tengdahlsgatan,740046135,24
pattern-106df73885af,1275006600001,Bus,66,Stockholm Tengdahlsgatan,740046054,25
pattern-106df73885af,1275006600001,Bus,66,Stockholm Tengdahlsgatan,740046052,26
pattern-106df73885af,1275006600001,Bus,66,Stockholm Tengdahlsgatan,740046053,27
pattern-106df73885af,1275006600001,Bus,66,Stockholm Tengdahlsgatan,740046231,28
pattern-106df73885af,1275006600001,Bus,66,Stockholm Tengdahlsgatan,740046233,29
pattern-a0085025e948,1275006600001,Bus,66,Stockholm Tengdahlsgatan,740021658,1
pattern-a0085025e948,1275006600001,Bus,66,Stockholm Tengdahlsgatan,740046228,2
pattern-a0085025e948,1275006600001,Bus,66,Stockholm Tengdahlsgatan,740046223,3
pattern-a0085025e948,1275006600001,Bus,66,Stockholm Tengdahlsgatan,740046221,4
pattern-a0085025e948,1275006600001,Bus,66,Stockholm Tengdahlsgatan,740046229,5
pattern-a0085025e948,1275006600001,Bus,66,Stockholm Tengdahlsgatan,740071562,6
pattern-a0085025e948,1275006600001,Bus,66,Stockholm Tengdahlsgatan,740046230,7
pattern-a0085025e948,1275006600001,Bus,66,Stockholm Tengdahlsgatan,740021657,8
pattern-a0085025e948,1275006600001,Bus,66,Stockholm Tengdahlsgatan,740046158,9
pattern-a0085025e948,1275006600001,Bus,66,Stockholm Tengdahlsgatan,740046160,10
pattern-a0085025e948,1275006600001,Bus,66,Stockholm Tengdahlsgatan,740045462,11
pattern-a0085025e948,1275006600001,Bus,66,Stockholm Tengdahlsgatan,740046189,12
pattern-a0085025e948,1275006600001,Bus,66,Stockholm Tengdahlsgatan,740046009,13
pattern-a0085025e948,1275006600001,Bus,66,Stockholm Tengdahlsgatan,740046006,14
pattern-a0085025e948,1275006600001,Bus,66,Stockholm Tengdahlsgatan,740046055,15
pattern-a0085025e948,1275006600001,Bus,66,Stockholm Tengdahlsgatan,740046090,16
pattern-a0085025e948,1275006600001,Bus,66,Stockholm Tengdahlsgatan,740021655,17
pattern-a0085025e948,1275006600001,Bus,66,Stockholm Tengdahlsgatan,740046089,18
pattern-a0085025e948,1275006600001,Bus,66,Stockholm Tengdahlsgatan,740046088,19
pattern-a0085025e948,1275006600001,Bus,66,Stockholm Tengdahlsgatan,740046135,20
pattern-a0085025e948,1275006600001,Bus,66,Stockholm Tengdahlsgatan,740046054,21
pattern-a0085025e948,1275006600001,Bus,66,Stockholm Tengdahlsgatan,740046052,22
pattern-a0085025e948,1275006600001,Bus,66,Stockholm Tengdahlsgatan,740046053,23
pattern-a0085025e948,1275006600001,Bus,66,Stockholm Tengdahlsgatan,740046231,24
pattern-a0085025e948,1275006600001,Bus,66,Stockholm Tengdahlsgatan,740046233,25
pattern-5128fedf46ae,1275006700001,Bus,67,Frösundavik,740018281,1
pattern-5128fedf46ae,1275006700001,Bus,67,Frösundavik,740018282,2
pattern-5128fedf46ae,1275006700001,Bus,67,Frösundavik,740046031,3
pattern-5128fedf46ae,1275006700001,Bus,67,Frösundavik,740046034,4
pattern-5128fedf46ae,1275006700001,Bus,67,Frösundavik,740045989,5
pattern-5128fedf46ae,1275006700001,Bus,67,Frösundavik,740021650,6
pattern-5128fedf46ae,1275006700001,Bus,67,Frösundavik,740045966,7
pattern-5128fedf46ae,1275006700001,Bus,67,Frösundavik,740045963,8
pattern-5128fedf46ae,1275006700001,Bus,67,Frösundavik,740045961,9
pattern-5128fedf46ae,1275006700001,Bus,67,Frösundavik,740046117,10
pattern-5128fedf46ae,1275006700001,Bus,67,Frösundavik,740011606,11
pattern-5128fedf46ae,1275006700001,Bus,67,Frösundavik,740046028,12
pattern-5128fedf46ae,1275006700001,Bus,67,Frösundavik,740046027,13
pattern-5128fedf46ae,1275006700001,Bus,67,Frösundavik,740046026,14
pattern-5128fedf46ae,1275006700001,Bus,67,Frösundavik,odenplan,15
pattern-5128fedf46ae,1275006700001,Bus,67,Frösundavik,740046025,16
pattern-5128fedf46ae,1275006700001,Bus,67,Frösundavik,740046022,17
pattern-5128fedf46ae,1275006700001,Bus,67,Frösundavik,740046074,18
pattern-5128fedf46ae,1275006700001,Bus,67,Frösundavik,740046073,19
pattern-5128fedf46ae,1275006700001,Bus,67,Frösundavik,740012127,20
pattern-5128fedf46ae,1275006700001,Bus,67,Frösundavik,740066606,21
pattern-5128fedf46ae,1275006700001,Bus,67,Frösundavik,740066607,22
pattern-5128fedf46ae,1275006700001,Bus,67,Frösundavik,740045586,23
pattern-cc10e8f00ce8,1275006700001,Bus,67,Frösundavik,740046067,1
pattern-cc10e8f00ce8,1275006700001,Bus,67,Frösundavik,740046066,2
pattern-cc10e8f00ce8,1275006700001,Bus,67,Frösundavik,740018281,3
pattern-cc10e8f00ce8,1275006700001,Bus,67,Frösundavik,740018282,4
pattern-cc10e8f00ce8,1275006700001,Bus,67,Frösundavik,740046031,5
pattern-cc10e8f00ce8,1275006700001,Bus,67,Frösundavik,740046034,6
pattern-cc10e8f00ce8,1275006700001,Bus,67,Frösundavik,740045989,7
pattern-cc10e8f00ce8,1275006700001,Bus,67,Frösundavik,740021650,8
pattern-cc10e8f00ce8,1275006700001,Bus,67,Frösundavik,740045966,9
pattern-cc10e8f00ce8,1275006700001,Bus,67,Frösundavik,740045963,10
pattern-cc10e8f00ce8,1275006700001,Bus,67,Frösundavik,740045961,11
pattern-cc10e8f00ce8,1275006700001,Bus,67,Frösundavik,740046117,12
pattern-cc10e8f00ce8,1275006700001,Bus,67,Frösundavik,740011606,13
pattern-cc10e8f00ce8,1275006700001,Bus,67,Frösundavik,740046028,14
pattern-cc10e8f00ce8,1275006700001,Bus,67,Frösundavik,740046027,15
pattern-cc10e8f00ce8,1275006700001,Bus,67,Frösundavik,740046026,16
pattern-cc10e8f00ce8,1275006700001,Bus,67,Frösundavik,odenplan,17
pattern-cc10e8f00ce8,1275006700001,Bus,67,Frösundavik,740046025,18
pattern-cc10e8f00ce8,1275006700001,Bus,67,Frösundavik,740046022,19
pattern-cc10e8f00ce8,1275006700001,Bus,67,Frösundavik,740046074,20
pattern-cc10e8f00ce8,1275006700001,Bus,67,Frösundavik,740046073,21
pattern-cc10e8f00ce8,1275006700001,Bus,67,Frösundavik,740012127,22
pattern-cc10e8f00ce8,1275006700001,Bus,67,Frösundavik,740066606,23
pattern-cc10e8f00ce8,1275006700001,Bus,67,Frösundavik,740066607,24
pattern-cc10e8f00ce8,1275006700001,Bus,67,Frösundavik,740045586,25
pattern-d9324fd135c2,1275006700001,Bus,67,Frösundavik,740021650,1
pattern-d9324fd135c2,1275006700001,Bus,67,Frösundavik,740045966,2
pattern-d9324fd135c2,1275006700001,Bus,67,Frösundavik,740045963,3
pattern-d9324fd135c2,1275006700001,Bus,67,Frösundavik,740045961,4
pattern-d9324fd135c2,1275006700001,Bus,67,Frösundavik,740046117,5
pattern-d9324fd135c2,1275006700001,Bus,67,Frösundavik,740011606,6
pattern-d9324fd135c2,1275006700001,Bus,67,Frösundavik,740046028,7
pattern-d9324fd135c2,1275006700001,Bus,67,Frösundavik,740046027,8
pattern-d9324fd135c2,1275006700001,Bus,67,Frösundavik,740046026,9
pattern-d9324fd135c2,1275006700001,Bus,67,Frösundavik,odenplan,10
pattern-d9324fd135c2,1275006700001,Bus,67,Frösundavik,740046025,11
pattern-d9324fd135c2,1275006700001,Bus,67,Frösundavik,740046022,12
pattern-d9324fd135c2,1275006700001,Bus,67,Frösundavik,740046074,13
pattern-d9324fd135c2,1275006700001,Bus,67,Frösundavik,740046073,14
pattern-d9324fd135c2,1275006700001,Bus,67,Frösundavik,740012127,15
pattern-d9324fd135c2,1275006700001,Bus,67,Frösundavik,740066606,16
pattern-d9324fd135c2,1275006700001,Bus,67,Frösundavik,740066607,17
pattern-d9324fd135c2,1275006700001,Bus,67,Frösundavik,740045586,18
pattern-98ec2b7b7936,1275006700001,Bus,67,Karlaplan T-bana,740045586,1
pattern-98ec2b7b7936,1275006700001,Bus,67,Karlaplan T-bana,740066607,2
pattern-98ec2b7b7936,1275006700001,Bus,67,Karlaplan T-bana,740066606,3
pattern-98ec2b7b7936,1275006700001,Bus,67,Karlaplan T-bana,740012127,4
pattern-98ec2b7b7936,1275006700001,Bus,67,Karlaplan T-bana,740046073,5
pattern-98ec2b7b7936,1275006700001,Bus,67,Karlaplan T-bana,740046074,6
pattern-98ec2b7b7936,1275006700001,Bus,67,Karlaplan T-bana,740046023,7
pattern-98ec2b7b7936,1275006700001,Bus,67,Karlaplan T-bana,odenplan,8
pattern-98ec2b7b7936,1275006700001,Bus,67,Karlaplan T-bana,740046026,9
pattern-98ec2b7b7936,1275006700001,Bus,67,Karlaplan T-bana,740046027,10
pattern-98ec2b7b7936,1275006700001,Bus,67,Karlaplan T-bana,740046029,11
pattern-98ec2b7b7936,1275006700001,Bus,67,Karlaplan T-bana,740011606,12
pattern-98ec2b7b7936,1275006700001,Bus,67,Karlaplan T-bana,740046117,13
pattern-98ec2b7b7936,1275006700001,Bus,67,Karlaplan T-bana,740045961,14
pattern-98ec2b7b7936,1275006700001,Bus,67,Karlaplan T-bana,740045963,15
pattern-98ec2b7b7936,1275006700001,Bus,67,Karlaplan T-bana,740045966,16
pattern-98ec2b7b7936,1275006700001,Bus,67,Karlaplan T-bana,740021650,17
pattern-9a0f5655678f,1275006700001,Bus,67,Odenplan T-bana,740046067,1
pattern-9a0f5655678f,1275006700001,Bus,67,Odenplan T-bana,740046066,2
pattern-9a0f5655678f,1275006700001,Bus,67,Odenplan T-bana,740018281,3
pattern-9a0f5655678f,1275006700001,Bus,67,Odenplan T-bana,740018282,4
pattern-9a0f5655678f,1275006700001,Bus,67,Odenplan T-bana,740046031,5
pattern-9a0f5655678f,1275006700001,Bus,67,Odenplan T-bana,740046034,6
pattern-9a0f5655678f,1275006700001,Bus,67,Odenplan T-bana,740045989,7
pattern-9a0f5655678f,1275006700001,Bus,67,Odenplan T-bana,740021650,8
pattern-9a0f5655678f,1275006700001,Bus,67,Odenplan T-bana,740045966,9
pattern-9a0f5655678f,1275006700001,Bus,67,Odenplan T-bana,740045963,10
pattern-9a0f5655678f,1275006700001,Bus,67,Odenplan T-bana,740045961,11
pattern-9a0f5655678f,1275006700001,Bus,67,Odenplan T-bana,740046117,12
pattern-9a0f5655678f,1275006700001,Bus,67,Odenplan T-bana,740011606,13
pattern-9a0f5655678f,1275006700001,Bus,67,Odenplan T-bana,740046028,14
pattern-9a0f5655678f,1275006700001,Bus,67,Odenplan T-bana,740046027,15
pattern-9a0f5655678f,1275006700001,Bus,67,Odenplan T-bana,740046026,16
pattern-9a0f5655678f,1275006700001,Bus,67,Odenplan T-bana,odenplan,17
pattern-cce3c38b4200,1275006700001,Bus,67,Odenplan T-bana,740021650,1
pattern-cce3c38b4200,1275006700001,Bus,67,Odenplan T-bana,740045966,2
pattern-cce3c38b4200,1275006700001,Bus,67,Odenplan T-bana,740045963,3
pattern-cce3c38b4200,1275006700001,Bus,67,Odenplan T-bana,740045961,4
pattern-cce3c38b4200,1275006700001,Bus,67,Odenplan T-bana,740046117,5
pattern-cce3c38b4200,1275006700001,Bus,67,Odenplan T-bana,740011606,6
pattern-cce3c38b4200,1275006700001,Bus,67,Odenplan T-bana,740046028,7
pattern-cce3c38b4200,1275006700001,Bus,67,Odenplan T-bana,740046027,8
pattern-cce3c38b4200,1275006700001,Bus,67,Odenplan T-bana,740046026,9
pattern-cce3c38b4200,1275006700001,Bus,67,Odenplan T-bana,odenplan,10
pattern-f5cc42a03184,1275006700001,Bus,67,Odenplan T-bana,740018281,1
pattern-f5cc42a03184,1275006700001,Bus,67,Odenplan T-bana,740018282,2
pattern-f5cc42a03184,1275006700001,Bus,67,Odenplan T-bana,740046031,3
pattern-f5cc42a03184,1275006700001,Bus,67,Odenplan T-bana,740046034,4
pattern-f5cc42a03184,1275006700001,Bus,67,Odenplan T-bana,740045989,5
pattern-f5cc42a03184,1275006700001,Bus,67,Odenplan T-bana,740021650,6
pattern-f5cc42a03184,1275006700001,Bus,67,Odenplan T-bana,740045966,7
pattern-f5cc42a03184,1275006700001,Bus,67,Odenplan T-bana,740045963,8
pattern-f5cc42a03184,1275006700001,Bus,67,Odenplan T-bana,740045961,9
pattern-f5cc42a03184,1275006700001,Bus,67,Odenplan T-bana,740046117,10
pattern-f5cc42a03184,1275006700001,Bus,67,Odenplan T-bana,740011606,11
pattern-f5cc42a03184,1275006700001,Bus,67,Odenplan T-bana,740046028,12
pattern-f5cc42a03184,1275006700001,Bus,67,Odenplan T-bana,740046027,13
pattern-f5cc42a03184,1275006700001,Bus,67,Odenplan T-bana,740046026,14
pattern-f5cc42a03184,1275006700001,Bus,67,Odenplan T-bana,odenplan,15
pattern-345513a560e4,1275006700001,Bus,67,Stockholm Blockhusudden,odenplan,1
pattern-345513a560e4,1275006700001,Bus,67,Stockholm Blockhusudden,740046026,2
pattern-345513a560e4,1275006700001,Bus,67,Stockholm Blockhusudden,740046027,3
pattern-345513a560e4,1275006700001,Bus,67,Stockholm Blockhusudden,740046029,4
pattern-345513a560e4,1275006700001,Bus,67,Stockholm Blockhusudden,740011606,5
pattern-345513a560e4,1275006700001,Bus,67,Stockholm Blockhusudden,740046117,6
pattern-345513a560e4,1275006700001,Bus,67,Stockholm Blockhusudden,740045961,7
pattern-345513a560e4,1275006700001,Bus,67,Stockholm Blockhusudden,740045963,8
pattern-345513a560e4,1275006700001,Bus,67,Stockholm Blockhusudden,740045966,9
pattern-345513a560e4,1275006700001,Bus,67,Stockholm Blockhusudden,740021650,10
pattern-345513a560e4,1275006700001,Bus,67,Stockholm Blockhusudden,740045989,11
pattern-345513a560e4,1275006700001,Bus,67,Stockholm Blockhusudden,740046034,12
pattern-345513a560e4,1275006700001,Bus,67,Stockholm Blockhusudden,740046031,13
pattern-345513a560e4,1275006700001,Bus,67,Stockholm Blockhusudden,740018282,14
pattern-345513a560e4,1275006700001,Bus,67,Stockholm Blockhusudden,740018281,15
pattern-345513a560e4,1275006700001,Bus,67,Stockholm Blockhusudden,740046066,16
pattern-345513a560e4,1275006700001,Bus,67,Stockholm Blockhusudden,740018280,17
pattern-a5919d22629c,1275006700001,Bus,67,Stockholm Blockhusudden,740045586,1
pattern-a5919d22629c,1275006700001,Bus,67,Stockholm Blockhusudden,740066607,2
pattern-a5919d22629c,1275006700001,Bus,67,Stockholm Blockhusudden,740066606,3
pattern-a5919d22629c,1275006700001,Bus,67,Stockholm Blockhusudden,740012127,4
pattern-a5919d22629c,1275006700001,Bus,67,Stockholm Blockhusudden,740046073,5
pattern-a5919d22629c,1275006700001,Bus,67,Stockholm Blockhusudden,740046074,6
pattern-a5919d22629c,1275006700001,Bus,67,Stockholm Blockhusudden,740046023,7
pattern-a5919d22629c,1275006700001,Bus,67,Stockholm Blockhusudden,odenplan,8
pattern-a5919d22629c,1275006700001,Bus,67,Stockholm Blockhusudden,740046026,9
pattern-a5919d22629c,1275006700001,Bus,67,Stockholm Blockhusudden,740046027,10
pattern-a5919d22629c,1275006700001,Bus,67,Stockholm Blockhusudden,740046029,11
pattern-a5919d22629c,1275006700001,Bus,67,Stockholm Blockhusudden,740011606,12
pattern-a5919d22629c,1275006700001,Bus,67,Stockholm Blockhusudden,740046117,13
pattern-a5919d22629c,1275006700001,Bus,67,Stockholm Blockhusudden,740045961,14
pattern-a5919d22629c,1275006700001,Bus,67,Stockholm Blockhusudden,740045963,15
pattern-a5919d22629c,1275006700001,Bus,67,Stockholm Blockhusudden,740045966,16
pattern-a5919d22629c,1275006700001,Bus,67,Stockholm Blockhusudden,740021650,17
pattern-a5919d22629c,1275006700001,Bus,67,Stockholm Blockhusudden,740045989,18
pattern-a5919d22629c,1275006700001,Bus,67,Stockholm Blockhusudden,740046034,19
pattern-a5919d22629c,1275006700001,Bus,67,Stockholm Blockhusudden,740046031,20
pattern-a5919d22629c,1275006700001,Bus,67,Stockholm Blockhusudden,740018282,21
pattern-a5919d22629c,1275006700001,Bus,67,Stockholm Blockhusudden,740018281,22
pattern-a5919d22629c,1275006700001,Bus,67,Stockholm Blockhusudden,740046066,23
pattern-a5919d22629c,1275006700001,Bus,67,Stockholm Blockhusudden,740018280,24
pattern-897d6fbb3765,1275006700001,Bus,67,Stockholm Skansen,odenplan,1
pattern-897d6fbb3765,1275006700001,Bus,67,Stockholm Skansen,740046026,2
pattern-897d6fbb3765,1275006700001,Bus,67,Stockholm Skansen,740046027,3
pattern-897d6fbb3765,1275006700001,Bus,67,Stockholm Skansen,740046029,4
pattern-897d6fbb3765,1275006700001,Bus,67,Stockholm Skansen,740011606,5
pattern-897d6fbb3765,1275006700001,Bus,67,Stockholm Skansen,740046117,6
pattern-897d6fbb3765,1275006700001,Bus,67,Stockholm Skansen,740045961,7
pattern-897d6fbb3765,1275006700001,Bus,67,Stockholm Skansen,740045963,8
pattern-897d6fbb3765,1275006700001,Bus,67,Stockholm Skansen,740045966,9
pattern-897d6fbb3765,1275006700001,Bus,67,Stockholm Skansen,740021650,10
pattern-897d6fbb3765,1275006700001,Bus,67,Stockholm Skansen,740045989,11
pattern-897d6fbb3765,1275006700001,Bus,67,Stockholm Skansen,740046034,12
pattern-897d6fbb3765,1275006700001,Bus,67,Stockholm Skansen,740046031,13
pattern-897d6fbb3765,1275006700001,Bus,67,Stockholm Skansen,740018282,14
pattern-897d6fbb3765,1275006700001,Bus,67,Stockholm Skansen,740018281,15
pattern-02720614a9e7,1275006900001,Bus,69,Djurgårdsbrunn,740021650,1
pattern-02720614a9e7,1275006900001,Bus,69,Djurgårdsbrunn,740045989,2
pattern-02720614a9e7,1275006900001,Bus,69,Djurgårdsbrunn,740046034,3
pattern-02720614a9e7,1275006900001,Bus,69,Djurgårdsbrunn,740045991,4
pattern-02720614a9e7,1275006900001,Bus,69,Djurgårdsbrunn,740046239,5
pattern-02720614a9e7,1275006900001,Bus,69,Djurgårdsbrunn,740046240,6
pattern-02720614a9e7,1275006900001,Bus,69,Djurgårdsbrunn,740046241,7
pattern-02720614a9e7,1275006900001,Bus,69,Djurgårdsbrunn,740046242,8
pattern-e38bdeb1950d,1275006900001,Bus,69,Djurgårdsbrunn,740004383,1
pattern-e38bdeb1950d,1275006900001,Bus,69,Djurgårdsbrunn,stockholm-central,2
pattern-e38bdeb1950d,1275006900001,Bus,69,Djurgårdsbrunn,740037355,3
pattern-e38bdeb1950d,1275006900001,Bus,69,Djurgårdsbrunn,740019408,4
pattern-e38bdeb1950d,1275006900001,Bus,69,Djurgårdsbrunn,740046065,5
pattern-e38bdeb1950d,1275006900001,Bus,69,Djurgårdsbrunn,740046036,6
pattern-e38bdeb1950d,1275006900001,Bus,69,Djurgårdsbrunn,740045991,7
pattern-e38bdeb1950d,1275006900001,Bus,69,Djurgårdsbrunn,740046239,8
pattern-e38bdeb1950d,1275006900001,Bus,69,Djurgårdsbrunn,740046240,9
pattern-e38bdeb1950d,1275006900001,Bus,69,Djurgårdsbrunn,740046241,10
pattern-e38bdeb1950d,1275006900001,Bus,69,Djurgårdsbrunn,740046242,11
pattern-52dea4399851,1275006900001,Bus,69,Karlaplan T-bana,740046242,1
pattern-52dea4399851,1275006900001,Bus,69,Karlaplan T-bana,740046241,2
pattern-52dea4399851,1275006900001,Bus,69,Karlaplan T-bana,740046240,3
pattern-52dea4399851,1275006900001,Bus,69,Karlaplan T-bana,740046239,4
pattern-52dea4399851,1275006900001,Bus,69,Karlaplan T-bana,740045991,5
pattern-52dea4399851,1275006900001,Bus,69,Karlaplan T-bana,740046034,6
pattern-52dea4399851,1275006900001,Bus,69,Karlaplan T-bana,740045989,7
pattern-52dea4399851,1275006900001,Bus,69,Karlaplan T-bana,740021650,8
pattern-6d2686d64644,1275006900001,Bus,69,Karlaplan T-bana,740046242,1
pattern-6d2686d64644,1275006900001,Bus,69,Karlaplan T-bana,740046241,2
pattern-6d2686d64644,1275006900001,Bus,69,Karlaplan T-bana,740046240,3
pattern-6d2686d64644,1275006900001,Bus,69,Karlaplan T-bana,740046239,4
pattern-6d2686d64644,1275006900001,Bus,69,Karlaplan T-bana,740045992,5
pattern-6d2686d64644,1275006900001,Bus,69,Karlaplan T-bana,740046032,6
pattern-6d2686d64644,1275006900001,Bus,69,Karlaplan T-bana,740021650,7
pattern-038024a190a6,1275006900001,Bus,69,Stockholm Blockhusudden,740021650,1
pattern-038024a190a6,1275006900001,Bus,69,Stockholm Blockhusudden,740046032,2
pattern-038024a190a6,1275006900001,Bus,69,Stockholm Blockhusudden,740045969,3
pattern-038024a190a6,1275006900001,Bus,69,Stockholm Blockhusudden,740045992,4
pattern-038024a190a6,1275006900001,Bus,69,Stockholm Blockhusudden,740045991,5
pattern-038024a190a6,1275006900001,Bus,69,Stockholm Blockhusudden,740046239,6
pattern-038024a190a6,1275006900001,Bus,69,Stockholm Blockhusudden,740046240,7
pattern-038024a190a6,1275006900001,Bus,69,Stockholm Blockhusudden,740046241,8
pattern-038024a190a6,1275006900001,Bus,69,Stockholm Blockhusudden,740046242,9
pattern-cff1c803aa7f,1275006900001,Bus,69,Stockholm Blockhusudden,740004383,1
pattern-cff1c803aa7f,1275006900001,Bus,69,Stockholm Blockhusudden,stockholm-central,2
pattern-cff1c803aa7f,1275006900001,Bus,69,Stockholm Blockhusudden,740037355,3
pattern-cff1c803aa7f,1275006900001,Bus,69,Stockholm Blockhusudden,740019408,4
pattern-cff1c803aa7f,1275006900001,Bus,69,Stockholm Blockhusudden,740046065,5
pattern-cff1c803aa7f,1275006900001,Bus,69,Stockholm Blockhusudden,740046036,6
pattern-cff1c803aa7f,1275006900001,Bus,69,Stockholm Blockhusudden,740045991,7
pattern-cff1c803aa7f,1275006900001,Bus,69,Stockholm Blockhusudden,740046239,8
pattern-cff1c803aa7f,1275006900001,Bus,69,Stockholm Blockhusudden,740046240,9
pattern-cff1c803aa7f,1275006900001,Bus,69,Stockholm Blockhusudden,740046241,10
pattern-cff1c803aa7f,1275006900001,Bus,69,Stockholm Blockhusudden,740046242,11
pattern-9d3dc20a12ea,1275006900001,Bus,69,Stockholm C Klarabergsviadukte,740046242,1
pattern-9d3dc20a12ea,1275006900001,Bus,69,Stockholm C Klarabergsviadukte,740046241,2
pattern-9d3dc20a12ea,1275006900001,Bus,69,Stockholm C Klarabergsviadukte,740046240,3
pattern-9d3dc20a12ea,1275006900001,Bus,69,Stockholm C Klarabergsviadukte,740046239,4
pattern-9d3dc20a12ea,1275006900001,Bus,69,Stockholm C Klarabergsviadukte,740045991,5
pattern-9d3dc20a12ea,1275006900001,Bus,69,Stockholm C Klarabergsviadukte,740046036,6
pattern-9d3dc20a12ea,1275006900001,Bus,69,Stockholm C Klarabergsviadukte,740046065,7
pattern-9d3dc20a12ea,1275006900001,Bus,69,Stockholm C Klarabergsviadukte,740019408,8
pattern-9d3dc20a12ea,1275006900001,Bus,69,Stockholm C Klarabergsviadukte,740037355,9
pattern-9d3dc20a12ea,1275006900001,Bus,69,Stockholm C Klarabergsviadukte,stockholm-central,10
pattern-9d3dc20a12ea,1275006900001,Bus,69,Stockholm C Klarabergsviadukte,740004383,11
pattern-33efb756c9ca,1275007200001,Bus,72,Karolinska sjukhuset norra,740045974,1
pattern-33efb756c9ca,1275007200001,Bus,72,Karolinska sjukhuset norra,740045973,2
pattern-33efb756c9ca,1275007200001,Bus,72,Karolinska sjukhuset norra,740045972,3
pattern-33efb756c9ca,1275007200001,Bus,72,Karolinska sjukhuset norra,740045971,4
pattern-33efb756c9ca,1275007200001,Bus,72,Karolinska sjukhuset norra,740045970,5
pattern-33efb756c9ca,1275007200001,Bus,72,Karolinska sjukhuset norra,740045968,6
pattern-33efb756c9ca,1275007200001,Bus,72,Karolinska sjukhuset norra,740045967,7
pattern-33efb756c9ca,1275007200001,Bus,72,Karolinska sjukhuset norra,740045964,8
pattern-33efb756c9ca,1275007200001,Bus,72,Karolinska sjukhuset norra,740045277,9
pattern-33efb756c9ca,1275007200001,Bus,72,Karolinska sjukhuset norra,740020741,10
pattern-33efb756c9ca,1275007200001,Bus,72,Karolinska sjukhuset norra,740011606,11
pattern-33efb756c9ca,1275007200001,Bus,72,Karolinska sjukhuset norra,740046028,12
pattern-33efb756c9ca,1275007200001,Bus,72,Karolinska sjukhuset norra,740046027,13
pattern-33efb756c9ca,1275007200001,Bus,72,Karolinska sjukhuset norra,740046026,14
pattern-33efb756c9ca,1275007200001,Bus,72,Karolinska sjukhuset norra,odenplan,15
pattern-33efb756c9ca,1275007200001,Bus,72,Karolinska sjukhuset norra,740046024,16
pattern-33efb756c9ca,1275007200001,Bus,72,Karolinska sjukhuset norra,740046023,17
pattern-33efb756c9ca,1275007200001,Bus,72,Karolinska sjukhuset norra,740046021,18
pattern-33efb756c9ca,1275007200001,Bus,72,Karolinska sjukhuset norra,740046058,19
pattern-33efb756c9ca,1275007200001,Bus,72,Karolinska sjukhuset norra,740046068,20
pattern-33efb756c9ca,1275007200001,Bus,72,Karolinska sjukhuset norra,740012127,21
pattern-33efb756c9ca,1275007200001,Bus,72,Karolinska sjukhuset norra,740001179,22
pattern-6ca41ed5e237,1275007200001,Bus,72,Östhammarsgatan,740001179,1
pattern-6ca41ed5e237,1275007200001,Bus,72,Östhammarsgatan,740012127,2
pattern-6ca41ed5e237,1275007200001,Bus,72,Östhammarsgatan,740046068,3
pattern-6ca41ed5e237,1275007200001,Bus,72,Östhammarsgatan,740046058,4
pattern-6ca41ed5e237,1275007200001,Bus,72,Östhammarsgatan,740046021,5
pattern-6ca41ed5e237,1275007200001,Bus,72,Östhammarsgatan,740046023,6
pattern-6ca41ed5e237,1275007200001,Bus,72,Östhammarsgatan,odenplan,7
pattern-6ca41ed5e237,1275007200001,Bus,72,Östhammarsgatan,740046026,8
pattern-6ca41ed5e237,1275007200001,Bus,72,Östhammarsgatan,740046027,9
pattern-6ca41ed5e237,1275007200001,Bus,72,Östhammarsgatan,740046029,10
pattern-6ca41ed5e237,1275007200001,Bus,72,Östhammarsgatan,740011606,11
pattern-6ca41ed5e237,1275007200001,Bus,72,Östhammarsgatan,740020741,12
pattern-6ca41ed5e237,1275007200001,Bus,72,Östhammarsgatan,740045277,13
pattern-6ca41ed5e237,1275007200001,Bus,72,Östhammarsgatan,740045964,14
pattern-6ca41ed5e237,1275007200001,Bus,72,Östhammarsgatan,740045967,15
pattern-6ca41ed5e237,1275007200001,Bus,72,Östhammarsgatan,740045968,16
pattern-6ca41ed5e237,1275007200001,Bus,72,Östhammarsgatan,740045970,17
pattern-6ca41ed5e237,1275007200001,Bus,72,Östhammarsgatan,740045971,18
pattern-6ca41ed5e237,1275007200001,Bus,72,Östhammarsgatan,740045972,19
pattern-6ca41ed5e237,1275007200001,Bus,72,Östhammarsgatan,740045973,20
pattern-6ca41ed5e237,1275007200001,Bus,72,Östhammarsgatan,740045974,21
pattern-660bd62a57da,1275007400001,Bus,74,Fridhemsplan T-bana,740024927,1
pattern-660bd62a57da,1275007400001,Bus,74,Fridhemsplan T-bana,740024926,2
pattern-660bd62a57da,1275007400001,Bus,74,Fridhemsplan T-bana,740024929,3
pattern-660bd62a57da,1275007400001,Bus,74,Fridhemsplan T-bana,740024928,4
pattern-660bd62a57da,1275007400001,Bus,74,Fridhemsplan T-bana,740046161,5
pattern-660bd62a57da,1275007400001,Bus,74,Fridhemsplan T-bana,740021655,6
pattern-660bd62a57da,1275007400001,Bus,74,Fridhemsplan T-bana,740046090,7
pattern-660bd62a57da,1275007400001,Bus,74,Fridhemsplan T-bana,740046007,8
pattern-660bd62a57da,1275007400001,Bus,74,Fridhemsplan T-bana,740046092,9
pattern-660bd62a57da,1275007400001,Bus,74,Fridhemsplan T-bana,740045462,10
pattern-660bd62a57da,1275007400001,Bus,74,Fridhemsplan T-bana,740046160,11
pattern-660bd62a57da,1275007400001,Bus,74,Fridhemsplan T-bana,740046159,12
pattern-660bd62a57da,1275007400001,Bus,74,Fridhemsplan T-bana,740021657,13
pattern-660bd62a57da,1275007400001,Bus,74,Fridhemsplan T-bana,740046157,14
pattern-660bd62a57da,1275007400001,Bus,74,Fridhemsplan T-bana,740046156,15
pattern-660bd62a57da,1275007400001,Bus,74,Fridhemsplan T-bana,740021658,16
pattern-660bd62a57da,1275007400001,Bus,74,Fridhemsplan T-bana,740046155,17
pattern-660bd62a57da,1275007400001,Bus,74,Fridhemsplan T-bana,740046154,18
pattern-660bd62a57da,1275007400001,Bus,74,Fridhemsplan T-bana,740046095,19
pattern-660bd62a57da,1275007400001,Bus,74,Fridhemsplan T-bana,740021661,20
pattern-2fd3210d4fb7,1275007400001,Bus,74,Moa Martinsons torg,740024927,1
pattern-2fd3210d4fb7,1275007400001,Bus,74,Moa Martinsons torg,740024926,2
pattern-2fd3210d4fb7,1275007400001,Bus,74,Moa Martinsons torg,740024929,3
pattern-2fd3210d4fb7,1275007400001,Bus,74,Moa Martinsons torg,740024928,4
pattern-2fd3210d4fb7,1275007400001,Bus,74,Moa Martinsons torg,740046161,5
pattern-2fd3210d4fb7,1275007400001,Bus,74,Moa Martinsons torg,740021655,6
pattern-2fd3210d4fb7,1275007400001,Bus,74,Moa Martinsons torg,740046090,7
pattern-2fd3210d4fb7,1275007400001,Bus,74,Moa Martinsons torg,740046007,8
pattern-2fd3210d4fb7,1275007400001,Bus,74,Moa Martinsons torg,740045462,9
pattern-2fd3210d4fb7,1275007400001,Bus,74,Moa Martinsons torg,740046160,10
pattern-2fd3210d4fb7,1275007400001,Bus,74,Moa Martinsons torg,740046159,11
pattern-2fd3210d4fb7,1275007400001,Bus,74,Moa Martinsons torg,740021657,12
pattern-2fd3210d4fb7,1275007400001,Bus,74,Moa Martinsons torg,740046157,13
pattern-2fd3210d4fb7,1275007400001,Bus,74,Moa Martinsons torg,740046156,14
pattern-2fd3210d4fb7,1275007400001,Bus,74,Moa Martinsons torg,740021658,15
pattern-2fd3210d4fb7,1275007400001,Bus,74,Moa Martinsons torg,740046155,16
pattern-2fd3210d4fb7,1275007400001,Bus,74,Moa Martinsons torg,740046154,17
pattern-2fd3210d4fb7,1275007400001,Bus,74,Moa Martinsons torg,740046095,18
pattern-2fd3210d4fb7,1275007400001,Bus,74,Moa Martinsons torg,740046115,19
pattern-2fd3210d4fb7,1275007400001,Bus,74,Moa Martinsons torg,740046100,20
pattern-2fd3210d4fb7,1275007400001,Bus,74,Moa Martinsons torg,740062695,21
pattern-b57b37a8dbba,1275007400001,Bus,74,Moa Martinsons torg,740024927,1
pattern-b57b37a8dbba,1275007400001,Bus,74,Moa Martinsons torg,740024926,2
pattern-b57b37a8dbba,1275007400001,Bus,74,Moa Martinsons torg,740024929,3
pattern-b57b37a8dbba,1275007400001,Bus,74,Moa Martinsons torg,740024928,4
pattern-b57b37a8dbba,1275007400001,Bus,74,Moa Martinsons torg,740046161,5
pattern-b57b37a8dbba,1275007400001,Bus,74,Moa Martinsons torg,740021655,6
pattern-b57b37a8dbba,1275007400001,Bus,74,Moa Martinsons torg,740046090,7
pattern-b57b37a8dbba,1275007400001,Bus,74,Moa Martinsons torg,740046007,8
pattern-b57b37a8dbba,1275007400001,Bus,74,Moa Martinsons torg,740046092,9
pattern-b57b37a8dbba,1275007400001,Bus,74,Moa Martinsons torg,740045462,10
pattern-b57b37a8dbba,1275007400001,Bus,74,Moa Martinsons torg,740046160,11
pattern-b57b37a8dbba,1275007400001,Bus,74,Moa Martinsons torg,740046159,12
pattern-b57b37a8dbba,1275007400001,Bus,74,Moa Martinsons torg,740021657,13
pattern-b57b37a8dbba,1275007400001,Bus,74,Moa Martinsons torg,740046157,14
pattern-b57b37a8dbba,1275007400001,Bus,74,Moa Martinsons torg,740046156,15
pattern-b57b37a8dbba,1275007400001,Bus,74,Moa Martinsons torg,740021658,16
pattern-b57b37a8dbba,1275007400001,Bus,74,Moa Martinsons torg,740046155,17
pattern-b57b37a8dbba,1275007400001,Bus,74,Moa Martinsons torg,740046154,18
pattern-b57b37a8dbba,1275007400001,Bus,74,Moa Martinsons torg,740046095,19
pattern-b57b37a8dbba,1275007400001,Bus,74,Moa Martinsons torg,740046115,20
pattern-b57b37a8dbba,1275007400001,Bus,74,Moa Martinsons torg,740046100,21
pattern-b57b37a8dbba,1275007400001,Bus,74,Moa Martinsons torg,740062695,22
pattern-00fa936e0db9,1275007400001,Bus,74,Sickla udde,740046092,1
pattern-00fa936e0db9,1275007400001,Bus,74,Sickla udde,740046007,2
pattern-00fa936e0db9,1275007400001,Bus,74,Sickla udde,740046090,3
pattern-00fa936e0db9,1275007400001,Bus,74,Sickla udde,740021655,4
pattern-00fa936e0db9,1275007400001,Bus,74,Sickla udde,740046161,5
pattern-00fa936e0db9,1275007400001,Bus,74,Sickla udde,740024928,6
pattern-00fa936e0db9,1275007400001,Bus,74,Sickla udde,740024929,7
pattern-00fa936e0db9,1275007400001,Bus,74,Sickla udde,740024926,8
pattern-00fa936e0db9,1275007400001,Bus,74,Sickla udde,740038313,9
pattern-2fc30e60aa8b,1275007400001,Bus,74,Sickla udde,740021661,1
pattern-2fc30e60aa8b,1275007400001,Bus,74,Sickla udde,740046095,2
pattern-2fc30e60aa8b,1275007400001,Bus,74,Sickla udde,740046154,3
pattern-2fc30e60aa8b,1275007400001,Bus,74,Sickla udde,740046155,4
pattern-2fc30e60aa8b,1275007400001,Bus,74,Sickla udde,740021658,5
pattern-2fc30e60aa8b,1275007400001,Bus,74,Sickla udde,740069180,6
pattern-2fc30e60aa8b,1275007400001,Bus,74,Sickla udde,740046156,7
pattern-2fc30e60aa8b,1275007400001,Bus,74,Sickla udde,740046157,8
pattern-2fc30e60aa8b,1275007400001,Bus,74,Sickla udde,740021657,9
pattern-2fc30e60aa8b,1275007400001,Bus,74,Sickla udde,740046158,10
pattern-2fc30e60aa8b,1275007400001,Bus,74,Sickla udde,740046160,11
pattern-2fc30e60aa8b,1275007400001,Bus,74,Sickla udde,740045462,12
pattern-2fc30e60aa8b,1275007400001,Bus,74,Sickla udde,740046092,13
pattern-2fc30e60aa8b,1275007400001,Bus,74,Sickla udde,740046007,14
pattern-2fc30e60aa8b,1275007400001,Bus,74,Sickla udde,740046090,15
pattern-2fc30e60aa8b,1275007400001,Bus,74,Sickla udde,740021655,16
pattern-2fc30e60aa8b,1275007400001,Bus,74,Sickla udde,740046161,17
pattern-2fc30e60aa8b,1275007400001,Bus,74,Sickla udde,740024928,18
pattern-2fc30e60aa8b,1275007400001,Bus,74,Sickla udde,740024929,19
pattern-2fc30e60aa8b,1275007400001,Bus,74,Sickla udde,740024926,20
pattern-2fc30e60aa8b,1275007400001,Bus,74,Sickla udde,740038313,21
pattern-44debed63fb8,1275007400001,Bus,74,Sickla udde,740062695,1
pattern-44debed63fb8,1275007400001,Bus,74,Sickla udde,740046100,2
pattern-44debed63fb8,1275007400001,Bus,74,Sickla udde,740046115,3
pattern-44debed63fb8,1275007400001,Bus,74,Sickla udde,740046095,4
pattern-44debed63fb8,1275007400001,Bus,74,Sickla udde,740046154,5
pattern-44debed63fb8,1275007400001,Bus,74,Sickla udde,740046155,6
pattern-44debed63fb8,1275007400001,Bus,74,Sickla udde,740021658,7
pattern-44debed63fb8,1275007400001,Bus,74,Sickla udde,740069180,8
pattern-44debed63fb8,1275007400001,Bus,74,Sickla udde,740046156,9
pattern-44debed63fb8,1275007400001,Bus,74,Sickla udde,740046157,10
pattern-44debed63fb8,1275007400001,Bus,74,Sickla udde,740021657,11
pattern-44debed63fb8,1275007400001,Bus,74,Sickla udde,740046158,12
pattern-44debed63fb8,1275007400001,Bus,74,Sickla udde,740046160,13
pattern-44debed63fb8,1275007400001,Bus,74,Sickla udde,740045462,14
pattern-44debed63fb8,1275007400001,Bus,74,Sickla udde,740046092,15
pattern-44debed63fb8,1275007400001,Bus,74,Sickla udde,740046007,16
pattern-44debed63fb8,1275007400001,Bus,74,Sickla udde,740046090,17
pattern-44debed63fb8,1275007400001,Bus,74,Sickla udde,740021655,18
pattern-44debed63fb8,1275007400001,Bus,74,Sickla udde,740046161,19
pattern-44debed63fb8,1275007400001,Bus,74,Sickla udde,740024928,20
pattern-44debed63fb8,1275007400001,Bus,74,Sickla udde,740024929,21
pattern-44debed63fb8,1275007400001,Bus,74,Sickla udde,740024926,22
pattern-44debed63fb8,1275007400001,Bus,74,Sickla udde,740038313,23
pattern-4dcd69ae13aa,1275007400001,Bus,74,Sickla udde,740062695,1
pattern-4dcd69ae13aa,1275007400001,Bus,74,Sickla udde,740046100,2
pattern-4dcd69ae13aa,1275007400001,Bus,74,Sickla udde,740046115,3
pattern-4dcd69ae13aa,1275007400001,Bus,74,Sickla udde,740046095,4
pattern-4dcd69ae13aa,1275007400001,Bus,74,Sickla udde,740046154,5
pattern-4dcd69ae13aa,1275007400001,Bus,74,Sickla udde,740046155,6
pattern-4dcd69ae13aa,1275007400001,Bus,74,Sickla udde,740021658,7
pattern-4dcd69ae13aa,1275007400001,Bus,74,Sickla udde,740069180,8
pattern-4dcd69ae13aa,1275007400001,Bus,74,Sickla udde,740046156,9
pattern-4dcd69ae13aa,1275007400001,Bus,74,Sickla udde,740046157,10
pattern-4dcd69ae13aa,1275007400001,Bus,74,Sickla udde,740021657,11
pattern-4dcd69ae13aa,1275007400001,Bus,74,Sickla udde,740046158,12
pattern-4dcd69ae13aa,1275007400001,Bus,74,Sickla udde,740046160,13
pattern-4dcd69ae13aa,1275007400001,Bus,74,Sickla udde,740045462,14
pattern-4dcd69ae13aa,1275007400001,Bus,74,Sickla udde,740046007,15
pattern-4dcd69ae13aa,1275007400001,Bus,74,Sickla udde,740046090,16
pattern-4dcd69ae13aa,1275007400001,Bus,74,Sickla udde,740021655,17
pattern-4dcd69ae13aa,1275007400001,Bus,74,Sickla udde,740046161,18
pattern-4dcd69ae13aa,1275007400001,Bus,74,Sickla udde,740024928,19
pattern-4dcd69ae13aa,1275007400001,Bus,74,Sickla udde,740024929,20
pattern-4dcd69ae13aa,1275007400001,Bus,74,Sickla udde,740024926,21
pattern-4dcd69ae13aa,1275007400001,Bus,74,Sickla udde,740038313,22
pattern-6b3f985dbd08,1275007400001,Bus,74,Södersjukhuset,740024927,1
pattern-6b3f985dbd08,1275007400001,Bus,74,Södersjukhuset,740024926,2
pattern-6b3f985dbd08,1275007400001,Bus,74,Södersjukhuset,740024929,3
pattern-6b3f985dbd08,1275007400001,Bus,74,Södersjukhuset,740024928,4
pattern-6b3f985dbd08,1275007400001,Bus,74,Södersjukhuset,740046161,5
pattern-6b3f985dbd08,1275007400001,Bus,74,Södersjukhuset,740021655,6
pattern-6b3f985dbd08,1275007400001,Bus,74,Södersjukhuset,740046090,7
pattern-6b3f985dbd08,1275007400001,Bus,74,Södersjukhuset,740046007,8
pattern-6b3f985dbd08,1275007400001,Bus,74,Södersjukhuset,740046092,9
pattern-491c1960998a,1275007500001,Bus,75,Ropsten T-bana,740001541,1
pattern-491c1960998a,1275007500001,Bus,75,Ropsten T-bana,740021667,2
pattern-491c1960998a,1275007500001,Bus,75,Ropsten T-bana,740072737,3
pattern-491c1960998a,1275007500001,Bus,75,Ropsten T-bana,740045465,4
pattern-491c1960998a,1275007500001,Bus,75,Ropsten T-bana,740045960,5
pattern-491c1960998a,1275007500001,Bus,75,Ropsten T-bana,740045961,6
pattern-491c1960998a,1275007500001,Bus,75,Ropsten T-bana,740020741,7
pattern-491c1960998a,1275007500001,Bus,75,Ropsten T-bana,740046172,8
pattern-491c1960998a,1275007500001,Bus,75,Ropsten T-bana,740046175,9
pattern-491c1960998a,1275007500001,Bus,75,Ropsten T-bana,740046166,10
pattern-491c1960998a,1275007500001,Bus,75,Ropsten T-bana,740011060,11
pattern-491c1960998a,1275007500001,Bus,75,Ropsten T-bana,740020757,12
pattern-109940abddda,1275007500001,Bus,75,Stockholm Citytermin Kungsbron,740020757,1
pattern-109940abddda,1275007500001,Bus,75,Stockholm Citytermin Kungsbron,740011060,2
pattern-109940abddda,1275007500001,Bus,75,Stockholm Citytermin Kungsbron,740046166,3
pattern-109940abddda,1275007500001,Bus,75,Stockholm Citytermin Kungsbron,740046175,4
pattern-109940abddda,1275007500001,Bus,75,Stockholm Citytermin Kungsbron,740046172,5
pattern-109940abddda,1275007500001,Bus,75,Stockholm Citytermin Kungsbron,740020741,6
pattern-109940abddda,1275007500001,Bus,75,Stockholm Citytermin Kungsbron,740045961,7
pattern-109940abddda,1275007500001,Bus,75,Stockholm Citytermin Kungsbron,740045465,8
pattern-109940abddda,1275007500001,Bus,75,Stockholm Citytermin Kungsbron,740072737,9
pattern-109940abddda,1275007500001,Bus,75,Stockholm Citytermin Kungsbron,740021667,10
pattern-109940abddda,1275007500001,Bus,75,Stockholm Citytermin Kungsbron,740001541,11
pattern-03ff390afffe,1275007600001,Bus,76,Karlaplan T-bana,740020757,1
pattern-03ff390afffe,1275007600001,Bus,76,Karlaplan T-bana,740071516,2
pattern-03ff390afffe,1275007600001,Bus,76,Karlaplan T-bana,740046206,3
pattern-03ff390afffe,1275007600001,Bus,76,Karlaplan T-bana,740046205,4
pattern-03ff390afffe,1275007600001,Bus,76,Karlaplan T-bana,740001174,5
pattern-03ff390afffe,1275007600001,Bus,76,Karlaplan T-bana,740045972,6
pattern-03ff390afffe,1275007600001,Bus,76,Karlaplan T-bana,740045971,7
pattern-03ff390afffe,1275007600001,Bus,76,Karlaplan T-bana,740045970,8
pattern-03ff390afffe,1275007600001,Bus,76,Karlaplan T-bana,740045969,9
pattern-03ff390afffe,1275007600001,Bus,76,Karlaplan T-bana,740045992,10
pattern-03ff390afffe,1275007600001,Bus,76,Karlaplan T-bana,740045991,11
pattern-03ff390afffe,1275007600001,Bus,76,Karlaplan T-bana,740046034,12
pattern-03ff390afffe,1275007600001,Bus,76,Karlaplan T-bana,740045989,13
pattern-03ff390afffe,1275007600001,Bus,76,Karlaplan T-bana,740021650,14
pattern-bd1539e3bf6e,1275007600001,Bus,76,Karlaplan T-bana,740020757,1
pattern-bd1539e3bf6e,1275007600001,Bus,76,Karlaplan T-bana,740071516,2
pattern-bd1539e3bf6e,1275007600001,Bus,76,Karlaplan T-bana,740046206,3
pattern-bd1539e3bf6e,1275007600001,Bus,76,Karlaplan T-bana,740046205,4
pattern-bd1539e3bf6e,1275007600001,Bus,76,Karlaplan T-bana,740001174,5
pattern-bd1539e3bf6e,1275007600001,Bus,76,Karlaplan T-bana,740045972,6
pattern-bd1539e3bf6e,1275007600001,Bus,76,Karlaplan T-bana,740045971,7
pattern-bd1539e3bf6e,1275007600001,Bus,76,Karlaplan T-bana,740045970,8
pattern-bd1539e3bf6e,1275007600001,Bus,76,Karlaplan T-bana,740045968,9
pattern-bd1539e3bf6e,1275007600001,Bus,76,Karlaplan T-bana,740046032,10
pattern-bd1539e3bf6e,1275007600001,Bus,76,Karlaplan T-bana,740021650,11
pattern-dc1101d8031d,1275007600001,Bus,76,Karlaplan T-bana,740020757,1
pattern-dc1101d8031d,1275007600001,Bus,76,Karlaplan T-bana,740071516,2
pattern-dc1101d8031d,1275007600001,Bus,76,Karlaplan T-bana,740046205,3
pattern-dc1101d8031d,1275007600001,Bus,76,Karlaplan T-bana,740001174,4
pattern-dc1101d8031d,1275007600001,Bus,76,Karlaplan T-bana,740045972,5
pattern-dc1101d8031d,1275007600001,Bus,76,Karlaplan T-bana,740045971,6
pattern-dc1101d8031d,1275007600001,Bus,76,Karlaplan T-bana,740045970,7
pattern-dc1101d8031d,1275007600001,Bus,76,Karlaplan T-bana,740045969,8
pattern-dc1101d8031d,1275007600001,Bus,76,Karlaplan T-bana,740045992,9
pattern-dc1101d8031d,1275007600001,Bus,76,Karlaplan T-bana,740045991,10
pattern-dc1101d8031d,1275007600001,Bus,76,Karlaplan T-bana,740046034,11
pattern-dc1101d8031d,1275007600001,Bus,76,Karlaplan T-bana,740045989,12
pattern-dc1101d8031d,1275007600001,Bus,76,Karlaplan T-bana,740021650,13
pattern-2f304e939321,1275007600001,Bus,76,Ljusterögatan,740020757,1
pattern-2f304e939321,1275007600001,Bus,76,Ljusterögatan,740071516,2
pattern-2f304e939321,1275007600001,Bus,76,Ljusterögatan,740046206,3
pattern-2f304e939321,1275007600001,Bus,76,Ljusterögatan,740046205,4
pattern-2f304e939321,1275007600001,Bus,76,Ljusterögatan,740001174,5
pattern-2f304e939321,1275007600001,Bus,76,Ljusterögatan,740045972,6
pattern-2f304e939321,1275007600001,Bus,76,Ljusterögatan,740045971,7
pattern-2f304e939321,1275007600001,Bus,76,Ljusterögatan,740045970,8
pattern-2f304e939321,1275007600001,Bus,76,Ljusterögatan,740045969,9
pattern-2f304e939321,1275007600001,Bus,76,Ljusterögatan,740045992,10
pattern-2f304e939321,1275007600001,Bus,76,Ljusterögatan,740045991,11
pattern-2f304e939321,1275007600001,Bus,76,Ljusterögatan,740046036,12
pattern-2f304e939321,1275007600001,Bus,76,Ljusterögatan,740046065,13
pattern-2f304e939321,1275007600001,Bus,76,Ljusterögatan,740019408,14
pattern-2f304e939321,1275007600001,Bus,76,Ljusterögatan,740037355,15
pattern-2f304e939321,1275007600001,Bus,76,Ljusterögatan,740045461,16
pattern-2f304e939321,1275007600001,Bus,76,Ljusterögatan,740046002,17
pattern-2f304e939321,1275007600001,Bus,76,Ljusterögatan,slussen,18
pattern-2f304e939321,1275007600001,Bus,76,Ljusterögatan,740046199,19
pattern-2f304e939321,1275007600001,Bus,76,Ljusterögatan,740046048,20
pattern-2f304e939321,1275007600001,Bus,76,Ljusterögatan,740046088,21
pattern-2f304e939321,1275007600001,Bus,76,Ljusterögatan,740046201,22
pattern-36d926a7b613,1275007600001,Bus,76,Ljusterögatan,slussen,1
pattern-36d926a7b613,1275007600001,Bus,76,Ljusterögatan,740046199,2
pattern-36d926a7b613,1275007600001,Bus,76,Ljusterögatan,740046048,3
pattern-36d926a7b613,1275007600001,Bus,76,Ljusterögatan,740046088,4
pattern-36d926a7b613,1275007600001,Bus,76,Ljusterögatan,740046201,5
pattern-877589030d9c,1275007600001,Bus,76,Ljusterögatan,740020757,1
pattern-877589030d9c,1275007600001,Bus,76,Ljusterögatan,740071516,2
pattern-877589030d9c,1275007600001,Bus,76,Ljusterögatan,740046205,3
pattern-877589030d9c,1275007600001,Bus,76,Ljusterögatan,740001174,4
pattern-877589030d9c,1275007600001,Bus,76,Ljusterögatan,740045972,5
pattern-877589030d9c,1275007600001,Bus,76,Ljusterögatan,740045971,6
pattern-877589030d9c,1275007600001,Bus,76,Ljusterögatan,740045970,7
pattern-877589030d9c,1275007600001,Bus,76,Ljusterögatan,740045969,8
pattern-877589030d9c,1275007600001,Bus,76,Ljusterögatan,740045992,9
pattern-877589030d9c,1275007600001,Bus,76,Ljusterögatan,740045991,10
pattern-877589030d9c,1275007600001,Bus,76,Ljusterögatan,740046036,11
pattern-877589030d9c,1275007600001,Bus,76,Ljusterögatan,740046065,12
pattern-877589030d9c,1275007600001,Bus,76,Ljusterögatan,740019408,13
pattern-877589030d9c,1275007600001,Bus,76,Ljusterögatan,740037355,14
pattern-877589030d9c,1275007600001,Bus,76,Ljusterögatan,740045461,15
pattern-877589030d9c,1275007600001,Bus,76,Ljusterögatan,740046002,16
pattern-877589030d9c,1275007600001,Bus,76,Ljusterögatan,slussen,17
pattern-877589030d9c,1275007600001,Bus,76,Ljusterögatan,740046199,18
pattern-877589030d9c,1275007600001,Bus,76,Ljusterögatan,740046048,19
pattern-877589030d9c,1275007600001,Bus,76,Ljusterögatan,740046088,20
pattern-877589030d9c,1275007600001,Bus,76,Ljusterögatan,740046201,21
pattern-fa332953658c,1275007600001,Bus,76,Ljusterögatan,740001174,1
pattern-fa332953658c,1275007600001,Bus,76,Ljusterögatan,740045972,2
pattern-fa332953658c,1275007600001,Bus,76,Ljusterögatan,740045971,3
pattern-fa332953658c,1275007600001,Bus,76,Ljusterögatan,740045970,4
pattern-fa332953658c,1275007600001,Bus,76,Ljusterögatan,740045969,5
pattern-fa332953658c,1275007600001,Bus,76,Ljusterögatan,740045992,6
pattern-fa332953658c,1275007600001,Bus,76,Ljusterögatan,740045991,7
pattern-fa332953658c,1275007600001,Bus,76,Ljusterögatan,740046036,8
pattern-fa332953658c,1275007600001,Bus,76,Ljusterögatan,740046065,9
pattern-fa332953658c,1275007600001,Bus,76,Ljusterögatan,740019408,10
pattern-fa332953658c,1275007600001,Bus,76,Ljusterögatan,740037355,11
pattern-fa332953658c,1275007600001,Bus,76,Ljusterögatan,740045461,12
pattern-fa332953658c,1275007600001,Bus,76,Ljusterögatan,740046002,13
pattern-fa332953658c,1275007600001,Bus,76,Ljusterögatan,slussen,14
pattern-fa332953658c,1275007600001,Bus,76,Ljusterögatan,740046199,15
pattern-fa332953658c,1275007600001,Bus,76,Ljusterögatan,740046048,16
pattern-fa332953658c,1275007600001,Bus,76,Ljusterögatan,740046088,17
pattern-fa332953658c,1275007600001,Bus,76,Ljusterögatan,740046201,18
pattern-0de5224ec494,1275007600001,Bus,76,Ropsten T-bana,740021650,1
pattern-0de5224ec494,1275007600001,Bus,76,Ropsten T-bana,740045989,2
pattern-0de5224ec494,1275007600001,Bus,76,Ropsten T-bana,740046034,3
pattern-0de5224ec494,1275007600001,Bus,76,Ropsten T-bana,740045991,4
pattern-0de5224ec494,1275007600001,Bus,76,Ropsten T-bana,740045992,5
pattern-0de5224ec494,1275007600001,Bus,76,Ropsten T-bana,740045970,6
pattern-0de5224ec494,1275007600001,Bus,76,Ropsten T-bana,740045971,7
pattern-0de5224ec494,1275007600001,Bus,76,Ropsten T-bana,740045972,8
pattern-0de5224ec494,1275007600001,Bus,76,Ropsten T-bana,740001174,9
pattern-0de5224ec494,1275007600001,Bus,76,Ropsten T-bana,740045953,10
pattern-0de5224ec494,1275007600001,Bus,76,Ropsten T-bana,740046205,11
pattern-0de5224ec494,1275007600001,Bus,76,Ropsten T-bana,740046206,12
pattern-0de5224ec494,1275007600001,Bus,76,Ropsten T-bana,740071516,13
pattern-0de5224ec494,1275007600001,Bus,76,Ropsten T-bana,740020757,14
pattern-85207eeb12aa,1275007600001,Bus,76,Ropsten T-bana,740046201,1
pattern-85207eeb12aa,1275007600001,Bus,76,Ropsten T-bana,740046088,2
pattern-85207eeb12aa,1275007600001,Bus,76,Ropsten T-bana,740046048,3
pattern-85207eeb12aa,1275007600001,Bus,76,Ropsten T-bana,740046198,4
pattern-85207eeb12aa,1275007600001,Bus,76,Ropsten T-bana,740046199,5
pattern-85207eeb12aa,1275007600001,Bus,76,Ropsten T-bana,slussen,6
pattern-85207eeb12aa,1275007600001,Bus,76,Ropsten T-bana,740046002,7
pattern-85207eeb12aa,1275007600001,Bus,76,Ropsten T-bana,740073532,8
pattern-85207eeb12aa,1275007600001,Bus,76,Ropsten T-bana,740019408,9
pattern-85207eeb12aa,1275007600001,Bus,76,Ropsten T-bana,740046065,10
pattern-85207eeb12aa,1275007600001,Bus,76,Ropsten T-bana,740046036,11
pattern-85207eeb12aa,1275007600001,Bus,76,Ropsten T-bana,740045991,12
pattern-85207eeb12aa,1275007600001,Bus,76,Ropsten T-bana,740045992,13
pattern-85207eeb12aa,1275007600001,Bus,76,Ropsten T-bana,740045970,14
pattern-85207eeb12aa,1275007600001,Bus,76,Ropsten T-bana,740045971,15
pattern-85207eeb12aa,1275007600001,Bus,76,Ropsten T-bana,740045972,16
pattern-85207eeb12aa,1275007600001,Bus,76,Ropsten T-bana,740001174,17
pattern-85207eeb12aa,1275007600001,Bus,76,Ropsten T-bana,740045953,18
pattern-85207eeb12aa,1275007600001,Bus,76,Ropsten T-bana,740046205,19
pattern-85207eeb12aa,1275007600001,Bus,76,Ropsten T-bana,740046206,20
pattern-85207eeb12aa,1275007600001,Bus,76,Ropsten T-bana,740071516,21
pattern-85207eeb12aa,1275007600001,Bus,76,Ropsten T-bana,740020757,22
pattern-96a8c9d51467,1275007600001,Bus,76,Ropsten T-bana,slussen,1
pattern-96a8c9d51467,1275007600001,Bus,76,Ropsten T-bana,740046002,2
pattern-96a8c9d51467,1275007600001,Bus,76,Ropsten T-bana,740073532,3
pattern-96a8c9d51467,1275007600001,Bus,76,Ropsten T-bana,740019408,4
pattern-96a8c9d51467,1275007600001,Bus,76,Ropsten T-bana,740046065,5
pattern-96a8c9d51467,1275007600001,Bus,76,Ropsten T-bana,740046036,6
pattern-96a8c9d51467,1275007600001,Bus,76,Ropsten T-bana,740045991,7
pattern-96a8c9d51467,1275007600001,Bus,76,Ropsten T-bana,740045992,8
pattern-96a8c9d51467,1275007600001,Bus,76,Ropsten T-bana,740045970,9
pattern-96a8c9d51467,1275007600001,Bus,76,Ropsten T-bana,740045971,10
pattern-96a8c9d51467,1275007600001,Bus,76,Ropsten T-bana,740045972,11
pattern-96a8c9d51467,1275007600001,Bus,76,Ropsten T-bana,740001174,12
pattern-96a8c9d51467,1275007600001,Bus,76,Ropsten T-bana,740045953,13
pattern-96a8c9d51467,1275007600001,Bus,76,Ropsten T-bana,740046205,14
pattern-96a8c9d51467,1275007600001,Bus,76,Ropsten T-bana,740071516,15
pattern-96a8c9d51467,1275007600001,Bus,76,Ropsten T-bana,740020757,16
pattern-dcf958cb6bb7,1275007600001,Bus,76,Ropsten T-bana,740021650,1
pattern-dcf958cb6bb7,1275007600001,Bus,76,Ropsten T-bana,740046032,2
pattern-dcf958cb6bb7,1275007600001,Bus,76,Ropsten T-bana,740045968,3
pattern-dcf958cb6bb7,1275007600001,Bus,76,Ropsten T-bana,740045970,4
pattern-dcf958cb6bb7,1275007600001,Bus,76,Ropsten T-bana,740045971,5
pattern-dcf958cb6bb7,1275007600001,Bus,76,Ropsten T-bana,740045972,6
pattern-dcf958cb6bb7,1275007600001,Bus,76,Ropsten T-bana,740001174,7
pattern-dcf958cb6bb7,1275007600001,Bus,76,Ropsten T-bana,740045953,8
pattern-dcf958cb6bb7,1275007600001,Bus,76,Ropsten T-bana,740046205,9
pattern-dcf958cb6bb7,1275007600001,Bus,76,Ropsten T-bana,740046206,10
pattern-dcf958cb6bb7,1275007600001,Bus,76,Ropsten T-bana,740071516,11
pattern-dcf958cb6bb7,1275007600001,Bus,76,Ropsten T-bana,740020757,12
pattern-ec4c0b24653c,1275007600001,Bus,76,Ropsten T-bana,740046201,1
pattern-ec4c0b24653c,1275007600001,Bus,76,Ropsten T-bana,740046088,2
pattern-ec4c0b24653c,1275007600001,Bus,76,Ropsten T-bana,740046048,3
pattern-ec4c0b24653c,1275007600001,Bus,76,Ropsten T-bana,740046198,4
pattern-ec4c0b24653c,1275007600001,Bus,76,Ropsten T-bana,740046199,5
pattern-ec4c0b24653c,1275007600001,Bus,76,Ropsten T-bana,slussen,6
pattern-ec4c0b24653c,1275007600001,Bus,76,Ropsten T-bana,740046002,7
pattern-ec4c0b24653c,1275007600001,Bus,76,Ropsten T-bana,740073532,8
pattern-ec4c0b24653c,1275007600001,Bus,76,Ropsten T-bana,740019408,9
pattern-ec4c0b24653c,1275007600001,Bus,76,Ropsten T-bana,740046065,10
pattern-ec4c0b24653c,1275007600001,Bus,76,Ropsten T-bana,740046036,11
pattern-ec4c0b24653c,1275007600001,Bus,76,Ropsten T-bana,740045991,12
pattern-ec4c0b24653c,1275007600001,Bus,76,Ropsten T-bana,740045992,13
pattern-ec4c0b24653c,1275007600001,Bus,76,Ropsten T-bana,740045970,14
pattern-ec4c0b24653c,1275007600001,Bus,76,Ropsten T-bana,740045971,15
pattern-ec4c0b24653c,1275007600001,Bus,76,Ropsten T-bana,740045972,16
pattern-ec4c0b24653c,1275007600001,Bus,76,Ropsten T-bana,740001174,17
pattern-ec4c0b24653c,1275007600001,Bus,76,Ropsten T-bana,740045953,18
pattern-ec4c0b24653c,1275007600001,Bus,76,Ropsten T-bana,740046205,19
pattern-ec4c0b24653c,1275007600001,Bus,76,Ropsten T-bana,740071516,20
pattern-ec4c0b24653c,1275007600001,Bus,76,Ropsten T-bana,740020757,21
pattern-f59d3723e0c2,1275007600001,Bus,76,Ropsten T-bana,740021650,1
pattern-f59d3723e0c2,1275007600001,Bus,76,Ropsten T-bana,740045989,2
pattern-f59d3723e0c2,1275007600001,Bus,76,Ropsten T-bana,740046034,3
pattern-f59d3723e0c2,1275007600001,Bus,76,Ropsten T-bana,740045991,4
pattern-f59d3723e0c2,1275007600001,Bus,76,Ropsten T-bana,740045992,5
pattern-f59d3723e0c2,1275007600001,Bus,76,Ropsten T-bana,740045970,6
pattern-f59d3723e0c2,1275007600001,Bus,76,Ropsten T-bana,740045971,7
pattern-f59d3723e0c2,1275007600001,Bus,76,Ropsten T-bana,740045972,8
pattern-f59d3723e0c2,1275007600001,Bus,76,Ropsten T-bana,740001174,9
pattern-f59d3723e0c2,1275007600001,Bus,76,Ropsten T-bana,740045953,10
pattern-f59d3723e0c2,1275007600001,Bus,76,Ropsten T-bana,740046205,11
pattern-f59d3723e0c2,1275007600001,Bus,76,Ropsten T-bana,740071516,12
pattern-f59d3723e0c2,1275007600001,Bus,76,Ropsten T-bana,740020757,13
pattern-7b00753acb45,1275007600001,Bus,76,Slussen T-bana,740020757,1
pattern-7b00753acb45,1275007600001,Bus,76,Slussen T-bana,740071516,2
pattern-7b00753acb45,1275007600001,Bus,76,Slussen T-bana,740046205,3
pattern-7b00753acb45,1275007600001,Bus,76,Slussen T-bana,740001174,4
pattern-7b00753acb45,1275007600001,Bus,76,Slussen T-bana,740045972,5
pattern-7b00753acb45,1275007600001,Bus,76,Slussen T-bana,740045971,6
pattern-7b00753acb45,1275007600001,Bus,76,Slussen T-bana,740045970,7
pattern-7b00753acb45,1275007600001,Bus,76,Slussen T-bana,740045969,8
pattern-7b00753acb45,1275007600001,Bus,76,Slussen T-bana,740045992,9
pattern-7b00753acb45,1275007600001,Bus,76,Slussen T-bana,740045991,10
pattern-7b00753acb45,1275007600001,Bus,76,Slussen T-bana,740046036,11
pattern-7b00753acb45,1275007600001,Bus,76,Slussen T-bana,740046065,12
pattern-7b00753acb45,1275007600001,Bus,76,Slussen T-bana,740019408,13
pattern-7b00753acb45,1275007600001,Bus,76,Slussen T-bana,740037355,14
pattern-7b00753acb45,1275007600001,Bus,76,Slussen T-bana,740045461,15
pattern-7b00753acb45,1275007600001,Bus,76,Slussen T-bana,740046002,16
pattern-7b00753acb45,1275007600001,Bus,76,Slussen T-bana,slussen,17
pattern-fabde021b789,1275007600001,Bus,76,Slussen T-bana,740046201,1
pattern-fabde021b789,1275007600001,Bus,76,Slussen T-bana,740046088,2
pattern-fabde021b789,1275007600001,Bus,76,Slussen T-bana,740046048,3
pattern-fabde021b789,1275007600001,Bus,76,Slussen T-bana,740046198,4
pattern-fabde021b789,1275007600001,Bus,76,Slussen T-bana,740046199,5
pattern-fabde021b789,1275007600001,Bus,76,Slussen T-bana,slussen,6
pattern-5fe59f4c11a0,1275007600001,Bus,76,Stockholm Frihamnen,740046201,1
pattern-5fe59f4c11a0,1275007600001,Bus,76,Stockholm Frihamnen,740046088,2
pattern-5fe59f4c11a0,1275007600001,Bus,76,Stockholm Frihamnen,740046048,3
pattern-5fe59f4c11a0,1275007600001,Bus,76,Stockholm Frihamnen,740046198,4
pattern-5fe59f4c11a0,1275007600001,Bus,76,Stockholm Frihamnen,740046199,5
pattern-5fe59f4c11a0,1275007600001,Bus,76,Stockholm Frihamnen,slussen,6
pattern-5fe59f4c11a0,1275007600001,Bus,76,Stockholm Frihamnen,740046002,7
pattern-5fe59f4c11a0,1275007600001,Bus,76,Stockholm Frihamnen,740073532,8
pattern-5fe59f4c11a0,1275007600001,Bus,76,Stockholm Frihamnen,740019408,9
pattern-5fe59f4c11a0,1275007600001,Bus,76,Stockholm Frihamnen,740046065,10
pattern-5fe59f4c11a0,1275007600001,Bus,76,Stockholm Frihamnen,740046036,11
pattern-5fe59f4c11a0,1275007600001,Bus,76,Stockholm Frihamnen,740045991,12
pattern-5fe59f4c11a0,1275007600001,Bus,76,Stockholm Frihamnen,740045992,13
pattern-5fe59f4c11a0,1275007600001,Bus,76,Stockholm Frihamnen,740045970,14
pattern-5fe59f4c11a0,1275007600001,Bus,76,Stockholm Frihamnen,740045971,15
pattern-5fe59f4c11a0,1275007600001,Bus,76,Stockholm Frihamnen,740045972,16
pattern-5fe59f4c11a0,1275007600001,Bus,76,Stockholm Frihamnen,740001174,17
pattern-2a4c85ccb077,1275000000002,Commuter train / Pendeltåg,40,Flemingsberg station,odenplan,1
pattern-2a4c85ccb077,1275000000002,Commuter train / Pendeltåg,40,Flemingsberg station,stockholm-central,2
pattern-2a4c85ccb077,1275000000002,Commuter train / Pendeltåg,40,Flemingsberg station,740000765,3
pattern-9d6d40afd08e,1275000000002,Commuter train / Pendeltåg,40,Häggvik station,740000765,1
pattern-9d6d40afd08e,1275000000002,Commuter train / Pendeltåg,40,Häggvik station,stockholm-central,2
pattern-9d6d40afd08e,1275000000002,Commuter train / Pendeltåg,40,Häggvik station,odenplan,3
pattern-fc8d5c111e22,1275000000002,Commuter train / Pendeltåg,40,Knivsta station,740000765,1
pattern-fc8d5c111e22,1275000000002,Commuter train / Pendeltåg,40,Knivsta station,stockholm-central,2
pattern-fc8d5c111e22,1275000000002,Commuter train / Pendeltåg,40,Knivsta station,odenplan,3
pattern-92cf95c990f6,1275000000002,Commuter train / Pendeltåg,40,Rönninge station,stockholm-central,1
pattern-92cf95c990f6,1275000000002,Commuter train / Pendeltåg,40,Rönninge station,740000765,2
pattern-a45ee249a139,1275000000002,Commuter train / Pendeltåg,40,Rönninge station,odenplan,1
pattern-a45ee249a139,1275000000002,Commuter train / Pendeltåg,40,Rönninge station,stockholm-central,2
pattern-a45ee249a139,1275000000002,Commuter train / Pendeltåg,40,Rönninge station,740000765,3
pattern-3f9b522f6e59,1275000000002,Commuter train / Pendeltåg,40,Stockholm City station,odenplan,1
pattern-3f9b522f6e59,1275000000002,Commuter train / Pendeltåg,40,Stockholm City station,stockholm-central,2
pattern-3af905566c51,1275000000002,Commuter train / Pendeltåg,40,Stockholm södra station,odenplan,1
pattern-3af905566c51,1275000000002,Commuter train / Pendeltåg,40,Stockholm södra station,stockholm-central,2
pattern-3af905566c51,1275000000002,Commuter train / Pendeltåg,40,Stockholm södra station,740000765,3
pattern-85075a83231e,1275000000002,Commuter train / Pendeltåg,40,Södertälje centrum station,stockholm-central,1
pattern-85075a83231e,1275000000002,Commuter train / Pendeltåg,40,Södertälje centrum station,740000765,2
pattern-a4e5016e2609,1275000000002,Commuter train / Pendeltåg,40,Södertälje centrum station,odenplan,1
pattern-a4e5016e2609,1275000000002,Commuter train / Pendeltåg,40,Södertälje centrum station,stockholm-central,2
pattern-a4e5016e2609,1275000000002,Commuter train / Pendeltåg,40,Södertälje centrum station,740000765,3
pattern-6b8b29385421,1275000000002,Commuter train / Pendeltåg,40,Södertälje hamn station,odenplan,1
pattern-6b8b29385421,1275000000002,Commuter train / Pendeltåg,40,Södertälje hamn station,stockholm-central,2
pattern-6b8b29385421,1275000000002,Commuter train / Pendeltåg,40,Södertälje hamn station,740000765,3
pattern-74978c1f7d9c,1275000000002,Commuter train / Pendeltåg,40,Södertälje hamn station,stockholm-central,1
pattern-74978c1f7d9c,1275000000002,Commuter train / Pendeltåg,40,Södertälje hamn station,740000765,2
pattern-fb78f50646e4,1275000000002,Commuter train / Pendeltåg,40,Tumba station,odenplan,1
pattern-fb78f50646e4,1275000000002,Commuter train / Pendeltåg,40,Tumba station,stockholm-central,2
pattern-fb78f50646e4,1275000000002,Commuter train / Pendeltåg,40,Tumba station,740000765,3
pattern-04d1748c7d76,1275000000002,Commuter train / Pendeltåg,40,Uppsala Centralstation,stockholm-central,1
pattern-04d1748c7d76,1275000000002,Commuter train / Pendeltåg,40,Uppsala Centralstation,odenplan,2
pattern-7d6b7b29bfe8,1275000000002,Commuter train / Pendeltåg,40,Uppsala Centralstation,740000765,1
pattern-7d6b7b29bfe8,1275000000002,Commuter train / Pendeltåg,40,Uppsala Centralstation,stockholm-central,2
pattern-7d6b7b29bfe8,1275000000002,Commuter train / Pendeltåg,40,Uppsala Centralstation,odenplan,3
pattern-392d0d41f7d8,1275000000002,Commuter train / Pendeltåg,40,Älvsjö station,odenplan,1
pattern-392d0d41f7d8,1275000000002,Commuter train / Pendeltåg,40,Älvsjö station,stockholm-central,2
pattern-392d0d41f7d8,1275000000002,Commuter train / Pendeltåg,40,Älvsjö station,740000765,3
pattern-08a101f9b8f5,1275000000002,Commuter train / Pendeltåg,40,Östertälje station,odenplan,1
pattern-08a101f9b8f5,1275000000002,Commuter train / Pendeltåg,40,Östertälje station,stockholm-central,2
pattern-08a101f9b8f5,1275000000002,Commuter train / Pendeltåg,40,Östertälje station,740000765,3
pattern-6cce7606533d,1275000000002,Commuter train / Pendeltåg,40,Östertälje station,stockholm-central,1
pattern-6cce7606533d,1275000000002,Commuter train / Pendeltåg,40,Östertälje station,740000765,2
pattern-9a803c4f7ee0,1275000000004,Commuter train / Pendeltåg,41,Flemingsberg station,odenplan,1
pattern-9a803c4f7ee0,1275000000004,Commuter train / Pendeltåg,41,Flemingsberg station,stockholm-central,2
pattern-9a803c4f7ee0,1275000000004,Commuter train / Pendeltåg,41,Flemingsberg station,740000765,3
pattern-0a5a12d7a501,1275000000004,Commuter train / Pendeltåg,41,Märsta station,stockholm-central,1
pattern-0a5a12d7a501,1275000000004,Commuter train / Pendeltåg,41,Märsta station,odenplan,2
pattern-54f8d6aef4d4,1275000000004,Commuter train / Pendeltåg,41,Märsta station,740000765,1
pattern-54f8d6aef4d4,1275000000004,Commuter train / Pendeltåg,41,Märsta station,stockholm-central,2
pattern-54f8d6aef4d4,1275000000004,Commuter train / Pendeltåg,41,Märsta station,odenplan,3
pattern-ea55e6dc3c9e,1275000000004,Commuter train / Pendeltåg,41,Rosersberg station,740000765,1
pattern-ea55e6dc3c9e,1275000000004,Commuter train / Pendeltåg,41,Rosersberg station,stockholm-central,2
pattern-ea55e6dc3c9e,1275000000004,Commuter train / Pendeltåg,41,Rosersberg station,odenplan,3
pattern-632a56bae20e,1275000000004,Commuter train / Pendeltåg,41,Rönninge station,odenplan,1
pattern-632a56bae20e,1275000000004,Commuter train / Pendeltåg,41,Rönninge station,stockholm-central,2
pattern-632a56bae20e,1275000000004,Commuter train / Pendeltåg,41,Rönninge station,740000765,3
pattern-190a8a1faeb1,1275000000004,Commuter train / Pendeltåg,41,Sollentuna station,stockholm-central,1
pattern-190a8a1faeb1,1275000000004,Commuter train / Pendeltåg,41,Sollentuna station,odenplan,2
pattern-3699725299e1,1275000000004,Commuter train / Pendeltåg,41,Sollentuna station,740000765,1
pattern-3699725299e1,1275000000004,Commuter train / Pendeltåg,41,Sollentuna station,stockholm-central,2
pattern-3699725299e1,1275000000004,Commuter train / Pendeltåg,41,Sollentuna station,odenplan,3
pattern-8f3c58648b2e,1275000000004,Commuter train / Pendeltåg,41,Stockholm City station,740000765,1
pattern-8f3c58648b2e,1275000000004,Commuter train / Pendeltåg,41,Stockholm City station,stockholm-central,2
pattern-a68d42d8cb6d,1275000000004,Commuter train / Pendeltåg,41,Stockholm City station,odenplan,1
pattern-a68d42d8cb6d,1275000000004,Commuter train / Pendeltåg,41,Stockholm City station,stockholm-central,2
pattern-98007f19fdce,1275000000004,Commuter train / Pendeltåg,41,Stockholm Odenplan station,740000765,1
pattern-98007f19fdce,1275000000004,Commuter train / Pendeltåg,41,Stockholm Odenplan station,stockholm-central,2
pattern-98007f19fdce,1275000000004,Commuter train / Pendeltåg,41,Stockholm Odenplan station,odenplan,3
pattern-512a5bde7548,1275000000004,Commuter train / Pendeltåg,41,Södertälje centrum station,odenplan,1
pattern-512a5bde7548,1275000000004,Commuter train / Pendeltåg,41,Södertälje centrum station,stockholm-central,2
pattern-512a5bde7548,1275000000004,Commuter train / Pendeltåg,41,Södertälje centrum station,740000765,3
pattern-4d516317bc68,1275000000004,Commuter train / Pendeltåg,41,Södertälje hamn station,odenplan,1
pattern-4d516317bc68,1275000000004,Commuter train / Pendeltåg,41,Södertälje hamn station,stockholm-central,2
pattern-4d516317bc68,1275000000004,Commuter train / Pendeltåg,41,Södertälje hamn station,740000765,3
pattern-687ee2798705,1275000000004,Commuter train / Pendeltåg,41,Tumba station,odenplan,1
pattern-687ee2798705,1275000000004,Commuter train / Pendeltåg,41,Tumba station,stockholm-central,2
pattern-687ee2798705,1275000000004,Commuter train / Pendeltåg,41,Tumba station,740000765,3
pattern-a72c0ee2e397,1275000000004,Commuter train / Pendeltåg,41,Upplands Väsby station,740000765,1
pattern-a72c0ee2e397,1275000000004,Commuter train / Pendeltåg,41,Upplands Väsby station,stockholm-central,2
pattern-a72c0ee2e397,1275000000004,Commuter train / Pendeltåg,41,Upplands Väsby station,odenplan,3
pattern-71d4ff1f40d7,1275000000004,Commuter train / Pendeltåg,41,Uppsala Centralstation,740000765,1
pattern-71d4ff1f40d7,1275000000004,Commuter train / Pendeltåg,41,Uppsala Centralstation,stockholm-central,2
pattern-71d4ff1f40d7,1275000000004,Commuter train / Pendeltåg,41,Uppsala Centralstation,odenplan,3
pattern-114af3a2c811,1275000000004,Commuter train / Pendeltåg,41,Älvsjö station,odenplan,1
pattern-114af3a2c811,1275000000004,Commuter train / Pendeltåg,41,Älvsjö station,stockholm-central,2
pattern-114af3a2c811,1275000000004,Commuter train / Pendeltåg,41,Älvsjö station,740000765,3
pattern-2afb22c805ea,1275000000004,Commuter train / Pendeltåg,41,Östertälje station,odenplan,1
pattern-2afb22c805ea,1275000000004,Commuter train / Pendeltåg,41,Östertälje station,stockholm-central,2
pattern-2afb22c805ea,1275000000004,Commuter train / Pendeltåg,41,Östertälje station,740000765,3
pattern-30a808cc2bff,1275000000001,Commuter train / Pendeltåg,43,Barkarby station,740000765,1
pattern-30a808cc2bff,1275000000001,Commuter train / Pendeltåg,43,Barkarby station,stockholm-central,2
pattern-30a808cc2bff,1275000000001,Commuter train / Pendeltåg,43,Barkarby station,odenplan,3
pattern-857e3c946933,1275000000001,Commuter train / Pendeltåg,43,Bro station,740000765,1
pattern-857e3c946933,1275000000001,Commuter train / Pendeltåg,43,Bro station,stockholm-central,2
pattern-857e3c946933,1275000000001,Commuter train / Pendeltåg,43,Bro station,odenplan,3
pattern-4a31e2cebbe2,1275000000001,Commuter train / Pendeltåg,43,Bålsta station,stockholm-central,1
pattern-4a31e2cebbe2,1275000000001,Commuter train / Pendeltåg,43,Bålsta station,odenplan,2
pattern-f611879f49a7,1275000000001,Commuter train / Pendeltåg,43,Bålsta station,740000765,1
pattern-f611879f49a7,1275000000001,Commuter train / Pendeltåg,43,Bålsta station,stockholm-central,2
pattern-f611879f49a7,1275000000001,Commuter train / Pendeltåg,43,Bålsta station,odenplan,3
pattern-e5d0c23c7092,1275000000001,Commuter train / Pendeltåg,43,Handen station,odenplan,1
pattern-e5d0c23c7092,1275000000001,Commuter train / Pendeltåg,43,Handen station,stockholm-central,2
pattern-e5d0c23c7092,1275000000001,Commuter train / Pendeltåg,43,Handen station,740000765,3
pattern-e27010863133,1275000000001,Commuter train / Pendeltåg,43,Kallhäll station,740000765,1
pattern-e27010863133,1275000000001,Commuter train / Pendeltåg,43,Kallhäll station,stockholm-central,2
pattern-e27010863133,1275000000001,Commuter train / Pendeltåg,43,Kallhäll station,odenplan,3
pattern-932d91a6331b,1275000000001,Commuter train / Pendeltåg,43,Kungsängen station,740000765,1
pattern-932d91a6331b,1275000000001,Commuter train / Pendeltåg,43,Kungsängen station,stockholm-central,2
pattern-932d91a6331b,1275000000001,Commuter train / Pendeltåg,43,Kungsängen station,odenplan,3
pattern-c2eb62ec4e53,1275000000001,Commuter train / Pendeltåg,43,Nynäshamn station,stockholm-central,1
pattern-c2eb62ec4e53,1275000000001,Commuter train / Pendeltåg,43,Nynäshamn station,740000765,2
pattern-ce1149d1004d,1275000000001,Commuter train / Pendeltåg,43,Nynäshamn station,odenplan,1
pattern-ce1149d1004d,1275000000001,Commuter train / Pendeltåg,43,Nynäshamn station,stockholm-central,2
pattern-ce1149d1004d,1275000000001,Commuter train / Pendeltåg,43,Nynäshamn station,740000765,3
pattern-7ea73276bfe9,1275000000001,Commuter train / Pendeltåg,43,Skogås station,odenplan,1
pattern-7ea73276bfe9,1275000000001,Commuter train / Pendeltåg,43,Skogås station,stockholm-central,2
pattern-7ea73276bfe9,1275000000001,Commuter train / Pendeltåg,43,Skogås station,740000765,3
pattern-8c7b4787fb1a,1275000000001,Commuter train / Pendeltåg,43,Stockholm City station,odenplan,1
pattern-8c7b4787fb1a,1275000000001,Commuter train / Pendeltåg,43,Stockholm City station,stockholm-central,2
pattern-d4951fe5ef04,1275000000001,Commuter train / Pendeltåg,43,Stockholm City station,740000765,1
pattern-d4951fe5ef04,1275000000001,Commuter train / Pendeltåg,43,Stockholm City station,stockholm-central,2
pattern-2aa377c7931d,1275000000001,Commuter train / Pendeltåg,43,Stockholm Odenplan station,740000765,1
pattern-2aa377c7931d,1275000000001,Commuter train / Pendeltåg,43,Stockholm Odenplan station,stockholm-central,2
pattern-2aa377c7931d,1275000000001,Commuter train / Pendeltåg,43,Stockholm Odenplan station,odenplan,3
pattern-fa85ab1dc64b,1275000000001,Commuter train / Pendeltåg,43,Tungelsta station,odenplan,1
pattern-fa85ab1dc64b,1275000000001,Commuter train / Pendeltåg,43,Tungelsta station,stockholm-central,2
pattern-fa85ab1dc64b,1275000000001,Commuter train / Pendeltåg,43,Tungelsta station,740000765,3
pattern-951ab5409226,1275000000001,Commuter train / Pendeltåg,43,Västerhaninge station,stockholm-central,1
pattern-951ab5409226,1275000000001,Commuter train / Pendeltåg,43,Västerhaninge station,740000765,2
pattern-dd4d9ebc4a0d,1275000000001,Commuter train / Pendeltåg,43,Västerhaninge station,odenplan,1
pattern-dd4d9ebc4a0d,1275000000001,Commuter train / Pendeltåg,43,Västerhaninge station,stockholm-central,2
pattern-dd4d9ebc4a0d,1275000000001,Commuter train / Pendeltåg,43,Västerhaninge station,740000765,3
pattern-d884e66fd980,1275000000001,Commuter train / Pendeltåg,43,Älvsjö station,odenplan,1
pattern-d884e66fd980,1275000000001,Commuter train / Pendeltåg,43,Älvsjö station,stockholm-central,2
pattern-d884e66fd980,1275000000001,Commuter train / Pendeltåg,43,Älvsjö station,740000765,3
pattern-61eca062ee33,1275000000001,Commuter train / Pendeltåg,43,Årstaberg station,odenplan,1
pattern-61eca062ee33,1275000000001,Commuter train / Pendeltåg,43,Årstaberg station,stockholm-central,2
pattern-61eca062ee33,1275000000001,Commuter train / Pendeltåg,43,Årstaberg station,740000765,3
pattern-f596554ed09b,1275008000001,Ferry,80,Nacka strand Sjövägen,740034770,1
pattern-f596554ed09b,1275008000001,Ferry,80,Nacka strand Sjövägen,740014648,2
pattern-f596554ed09b,1275008000001,Ferry,80,Nacka strand Sjövägen,740034743,3
pattern-1852dc578eae,1275008000001,Ferry,80,Stockholm Nybrokajen,740034743,1
pattern-1852dc578eae,1275008000001,Ferry,80,Stockholm Nybrokajen,740014648,2
pattern-1852dc578eae,1275008000001,Ferry,80,Stockholm Nybrokajen,740034770,3
pattern-4765654bac0d,1275008000001,Ferry,80,Stockholm Nybrokajen,740034484,1
pattern-4765654bac0d,1275008000001,Ferry,80,Stockholm Nybrokajen,740034743,2
pattern-4765654bac0d,1275008000001,Ferry,80,Stockholm Nybrokajen,740014648,3
pattern-4765654bac0d,1275008000001,Ferry,80,Stockholm Nybrokajen,740034770,4
pattern-2cbc0bd21f22,1275008000001,Ferry,80,Stockholm Ropsten brygga,740034770,1
pattern-2cbc0bd21f22,1275008000001,Ferry,80,Stockholm Ropsten brygga,740014648,2
pattern-2cbc0bd21f22,1275008000001,Ferry,80,Stockholm Ropsten brygga,740034743,3
pattern-2cbc0bd21f22,1275008000001,Ferry,80,Stockholm Ropsten brygga,740034484,4
pattern-a0956503b0e7,1275008200001,Ferry,82,Stockholm Allmänna gränd brygg,slussen,1
pattern-a0956503b0e7,1275008200001,Ferry,82,Stockholm Allmänna gränd brygg,740014648,2
pattern-9b3a39dfa184,1275008200001,Ferry,82,Stockholm Slussen kajen,slussen,1
pattern-9b3a39dfa184,1275008200001,Ferry,82,Stockholm Slussen kajen,740014648,2
pattern-9b3a39dfa184,1275008200001,Ferry,82,Stockholm Slussen kajen,740015538,3
pattern-9b3a39dfa184,1275008200001,Ferry,82,Stockholm Slussen kajen,slussen,4
pattern-ca3cb525cd66,1275008200001,Ferry,82,Stockholm Slussen kajen,slussen,1
pattern-ca3cb525cd66,1275008200001,Ferry,82,Stockholm Slussen kajen,740014648,2
pattern-ca3cb525cd66,1275008200001,Ferry,82,Stockholm Slussen kajen,slussen,3
pattern-0928e85972b1,1275008400001,Ferry,84,Stockholm Strömkajen,slussen,1
pattern-0928e85972b1,1275008400001,Ferry,84,Stockholm Strömkajen,740020691,2
pattern-580adfec2f55,1275008400001,Ferry,84,Ålstäket brygga,740020691,1
pattern-580adfec2f55,1275008400001,Ferry,84,Ålstäket brygga,slussen,2
pattern-545ea544f68a,1275008900001,Ferry,89,Klara Mälarstrand,740073452,1
pattern-545ea544f68a,1275008900001,Ferry,89,Klara Mälarstrand,740064376,2
pattern-4a1dbf8ff393,1275008900001,Ferry,89,Tappström,740064376,1
pattern-4a1dbf8ff393,1275008900001,Ferry,89,Tappström,740073452,2
pattern-5532032f2661,1275001000001,Metro,10,Hjulsta T-bana,740021659,1
pattern-5532032f2661,1275001000001,Metro,10,Hjulsta T-bana,stockholm-central,2
pattern-5532032f2661,1275001000001,Metro,10,Hjulsta T-bana,740021660,3
pattern-5532032f2661,1275001000001,Metro,10,Hjulsta T-bana,740021661,4
pattern-5532032f2661,1275001000001,Metro,10,Hjulsta T-bana,740021662,5
pattern-5532032f2661,1275001000001,Metro,10,Hjulsta T-bana,740021669,6
pattern-d01de43890ce,1275001000001,Metro,10,Hjulsta T-bana,stockholm-central,1
pattern-d01de43890ce,1275001000001,Metro,10,Hjulsta T-bana,740021660,2
pattern-d01de43890ce,1275001000001,Metro,10,Hjulsta T-bana,740021661,3
pattern-d01de43890ce,1275001000001,Metro,10,Hjulsta T-bana,740021662,4
pattern-d01de43890ce,1275001000001,Metro,10,Hjulsta T-bana,740021669,5
pattern-04dbc6e7a137,1275001000001,Metro,10,Kungsträdgården T-bana,740021669,1
pattern-04dbc6e7a137,1275001000001,Metro,10,Kungsträdgården T-bana,740021662,2
pattern-04dbc6e7a137,1275001000001,Metro,10,Kungsträdgården T-bana,740021661,3
pattern-04dbc6e7a137,1275001000001,Metro,10,Kungsträdgården T-bana,740021660,4
pattern-04dbc6e7a137,1275001000001,Metro,10,Kungsträdgården T-bana,stockholm-central,5
pattern-04dbc6e7a137,1275001000001,Metro,10,Kungsträdgården T-bana,740021659,6
pattern-bd2c11f11c3d,1275001000001,Metro,10,T-Centralen T-bana,740021669,1
pattern-bd2c11f11c3d,1275001000001,Metro,10,T-Centralen T-bana,740021662,2
pattern-bd2c11f11c3d,1275001000001,Metro,10,T-Centralen T-bana,740021661,3
pattern-bd2c11f11c3d,1275001000001,Metro,10,T-Centralen T-bana,740021660,4
pattern-bd2c11f11c3d,1275001000001,Metro,10,T-Centralen T-bana,stockholm-central,5
pattern-476d16a24077,1275001100001,Metro,11,Akalla T-bana,740021659,1
pattern-476d16a24077,1275001100001,Metro,11,Akalla T-bana,stockholm-central,2
pattern-476d16a24077,1275001100001,Metro,11,Akalla T-bana,740021660,3
pattern-476d16a24077,1275001100001,Metro,11,Akalla T-bana,740021661,4
pattern-476d16a24077,1275001100001,Metro,11,Akalla T-bana,740021662,5
pattern-476d16a24077,1275001100001,Metro,11,Akalla T-bana,740021669,6
pattern-aa2ce2d95cae,1275001100001,Metro,11,Akalla T-bana,stockholm-central,1
pattern-aa2ce2d95cae,1275001100001,Metro,11,Akalla T-bana,740021660,2
pattern-aa2ce2d95cae,1275001100001,Metro,11,Akalla T-bana,740021661,3
pattern-aa2ce2d95cae,1275001100001,Metro,11,Akalla T-bana,740021662,4
pattern-aa2ce2d95cae,1275001100001,Metro,11,Akalla T-bana,740021669,5
pattern-475d626bc84c,1275001100001,Metro,11,Kungsträdgården T-bana,740021669,1
pattern-475d626bc84c,1275001100001,Metro,11,Kungsträdgården T-bana,740021662,2
pattern-475d626bc84c,1275001100001,Metro,11,Kungsträdgården T-bana,740021661,3
pattern-475d626bc84c,1275001100001,Metro,11,Kungsträdgården T-bana,740021660,4
pattern-475d626bc84c,1275001100001,Metro,11,Kungsträdgården T-bana,stockholm-central,5
pattern-475d626bc84c,1275001100001,Metro,11,Kungsträdgården T-bana,740021659,6
pattern-e627daa5b989,1275001100001,Metro,11,T-Centralen T-bana,740021669,1
pattern-e627daa5b989,1275001100001,Metro,11,T-Centralen T-bana,740021662,2
pattern-e627daa5b989,1275001100001,Metro,11,T-Centralen T-bana,740021661,3
pattern-e627daa5b989,1275001100001,Metro,11,T-Centralen T-bana,740021660,4
pattern-e627daa5b989,1275001100001,Metro,11,T-Centralen T-bana,stockholm-central,5
pattern-972cb9ca0fba,1275001300001,Metro,13,Alby T-bana,740020757,1
pattern-972cb9ca0fba,1275001300001,Metro,13,Alby T-bana,740021649,2
pattern-972cb9ca0fba,1275001300001,Metro,13,Alby T-bana,740021650,3
pattern-972cb9ca0fba,1275001300001,Metro,13,Alby T-bana,740021651,4
pattern-972cb9ca0fba,1275001300001,Metro,13,Alby T-bana,stockholm-central,5
pattern-972cb9ca0fba,1275001300001,Metro,13,Alby T-bana,740021653,6
pattern-972cb9ca0fba,1275001300001,Metro,13,Alby T-bana,slussen,7
pattern-972cb9ca0fba,1275001300001,Metro,13,Alby T-bana,740021656,8
pattern-972cb9ca0fba,1275001300001,Metro,13,Alby T-bana,740021657,9
pattern-972cb9ca0fba,1275001300001,Metro,13,Alby T-bana,740021658,10
pattern-972cb9ca0fba,1275001300001,Metro,13,Alby T-bana,740004046,11
pattern-972cb9ca0fba,1275001300001,Metro,13,Alby T-bana,740021720,12
pattern-6bbc12cdcfe4,1275001300001,Metro,13,Axelsberg T-bana,740020757,1
pattern-6bbc12cdcfe4,1275001300001,Metro,13,Axelsberg T-bana,740021649,2
pattern-6bbc12cdcfe4,1275001300001,Metro,13,Axelsberg T-bana,740021650,3
pattern-6bbc12cdcfe4,1275001300001,Metro,13,Axelsberg T-bana,740021651,4
pattern-6bbc12cdcfe4,1275001300001,Metro,13,Axelsberg T-bana,stockholm-central,5
pattern-6bbc12cdcfe4,1275001300001,Metro,13,Axelsberg T-bana,740021653,6
pattern-6bbc12cdcfe4,1275001300001,Metro,13,Axelsberg T-bana,slussen,7
pattern-6bbc12cdcfe4,1275001300001,Metro,13,Axelsberg T-bana,740021656,8
pattern-6bbc12cdcfe4,1275001300001,Metro,13,Axelsberg T-bana,740021657,9
pattern-6bbc12cdcfe4,1275001300001,Metro,13,Axelsberg T-bana,740021658,10
pattern-6bbc12cdcfe4,1275001300001,Metro,13,Axelsberg T-bana,740004046,11
pattern-6bbc12cdcfe4,1275001300001,Metro,13,Axelsberg T-bana,740021720,12
pattern-635e90841dbc,1275001300001,Metro,13,Norsborg T-bana,740004046,1
pattern-635e90841dbc,1275001300001,Metro,13,Norsborg T-bana,740021720,2
pattern-bb1a491a236e,1275001300001,Metro,13,Norsborg T-bana,740020757,1
pattern-bb1a491a236e,1275001300001,Metro,13,Norsborg T-bana,740021649,2
pattern-bb1a491a236e,1275001300001,Metro,13,Norsborg T-bana,740021650,3
pattern-bb1a491a236e,1275001300001,Metro,13,Norsborg T-bana,740021651,4
pattern-bb1a491a236e,1275001300001,Metro,13,Norsborg T-bana,stockholm-central,5
pattern-bb1a491a236e,1275001300001,Metro,13,Norsborg T-bana,740021653,6
pattern-bb1a491a236e,1275001300001,Metro,13,Norsborg T-bana,slussen,7
pattern-bb1a491a236e,1275001300001,Metro,13,Norsborg T-bana,740021656,8
pattern-bb1a491a236e,1275001300001,Metro,13,Norsborg T-bana,740021657,9
pattern-bb1a491a236e,1275001300001,Metro,13,Norsborg T-bana,740021658,10
pattern-bb1a491a236e,1275001300001,Metro,13,Norsborg T-bana,740004046,11
pattern-bb1a491a236e,1275001300001,Metro,13,Norsborg T-bana,740021720,12
pattern-1b43d12e4f97,1275001300001,Metro,13,Ropsten T-bana,740004046,1
pattern-1b43d12e4f97,1275001300001,Metro,13,Ropsten T-bana,740021658,2
pattern-1b43d12e4f97,1275001300001,Metro,13,Ropsten T-bana,740021657,3
pattern-1b43d12e4f97,1275001300001,Metro,13,Ropsten T-bana,740021656,4
pattern-1b43d12e4f97,1275001300001,Metro,13,Ropsten T-bana,slussen,5
pattern-1b43d12e4f97,1275001300001,Metro,13,Ropsten T-bana,740021653,6
pattern-1b43d12e4f97,1275001300001,Metro,13,Ropsten T-bana,stockholm-central,7
pattern-1b43d12e4f97,1275001300001,Metro,13,Ropsten T-bana,740021651,8
pattern-1b43d12e4f97,1275001300001,Metro,13,Ropsten T-bana,740021650,9
pattern-1b43d12e4f97,1275001300001,Metro,13,Ropsten T-bana,740021649,10
pattern-1b43d12e4f97,1275001300001,Metro,13,Ropsten T-bana,740020757,11
pattern-b84a1e7456cf,1275001300001,Metro,13,Ropsten T-bana,740021720,1
pattern-b84a1e7456cf,1275001300001,Metro,13,Ropsten T-bana,740004046,2
pattern-b84a1e7456cf,1275001300001,Metro,13,Ropsten T-bana,740021658,3
pattern-b84a1e7456cf,1275001300001,Metro,13,Ropsten T-bana,740021657,4
pattern-b84a1e7456cf,1275001300001,Metro,13,Ropsten T-bana,740021656,5
pattern-b84a1e7456cf,1275001300001,Metro,13,Ropsten T-bana,slussen,6
pattern-b84a1e7456cf,1275001300001,Metro,13,Ropsten T-bana,740021653,7
pattern-b84a1e7456cf,1275001300001,Metro,13,Ropsten T-bana,stockholm-central,8
pattern-b84a1e7456cf,1275001300001,Metro,13,Ropsten T-bana,740021651,9
pattern-b84a1e7456cf,1275001300001,Metro,13,Ropsten T-bana,740021650,10
pattern-b84a1e7456cf,1275001300001,Metro,13,Ropsten T-bana,740021649,11
pattern-b84a1e7456cf,1275001300001,Metro,13,Ropsten T-bana,740020757,12
pattern-a581e764cb00,1275001300001,Metro,13,Sätra T-bana,740020757,1
pattern-a581e764cb00,1275001300001,Metro,13,Sätra T-bana,740021649,2
pattern-a581e764cb00,1275001300001,Metro,13,Sätra T-bana,740021650,3
pattern-a581e764cb00,1275001300001,Metro,13,Sätra T-bana,740021651,4
pattern-a581e764cb00,1275001300001,Metro,13,Sätra T-bana,stockholm-central,5
pattern-a581e764cb00,1275001300001,Metro,13,Sätra T-bana,740021653,6
pattern-a581e764cb00,1275001300001,Metro,13,Sätra T-bana,slussen,7
pattern-a581e764cb00,1275001300001,Metro,13,Sätra T-bana,740021656,8
pattern-a581e764cb00,1275001300001,Metro,13,Sätra T-bana,740021657,9
pattern-a581e764cb00,1275001300001,Metro,13,Sätra T-bana,740021658,10
pattern-a581e764cb00,1275001300001,Metro,13,Sätra T-bana,740004046,11
pattern-a581e764cb00,1275001300001,Metro,13,Sätra T-bana,740021720,12
pattern-e198e2744ed9,1275001300001,Metro,13,Sätra T-bana,740011606,1
pattern-e198e2744ed9,1275001300001,Metro,13,Sätra T-bana,740021647,2
pattern-e198e2744ed9,1275001300001,Metro,13,Sätra T-bana,740021651,3
pattern-e198e2744ed9,1275001300001,Metro,13,Sätra T-bana,stockholm-central,4
pattern-e198e2744ed9,1275001300001,Metro,13,Sätra T-bana,740021653,5
pattern-e198e2744ed9,1275001300001,Metro,13,Sätra T-bana,slussen,6
pattern-e198e2744ed9,1275001300001,Metro,13,Sätra T-bana,740021656,7
pattern-e198e2744ed9,1275001300001,Metro,13,Sätra T-bana,740021657,8
pattern-e198e2744ed9,1275001300001,Metro,13,Sätra T-bana,740021658,9
pattern-e198e2744ed9,1275001300001,Metro,13,Sätra T-bana,740004046,10
pattern-e198e2744ed9,1275001300001,Metro,13,Sätra T-bana,740021720,11
pattern-44146c07b58b,1275001400001,Metro,14,Fruängen T-bana,740004046,1
pattern-44146c07b58b,1275001400001,Metro,14,Fruängen T-bana,740021715,2
pattern-9bb4e679641f,1275001400001,Metro,14,Fruängen T-bana,740011606,1
pattern-9bb4e679641f,1275001400001,Metro,14,Fruängen T-bana,740021647,2
pattern-9bb4e679641f,1275001400001,Metro,14,Fruängen T-bana,740021651,3
pattern-9bb4e679641f,1275001400001,Metro,14,Fruängen T-bana,stockholm-central,4
pattern-9bb4e679641f,1275001400001,Metro,14,Fruängen T-bana,740021653,5
pattern-9bb4e679641f,1275001400001,Metro,14,Fruängen T-bana,slussen,6
pattern-9bb4e679641f,1275001400001,Metro,14,Fruängen T-bana,740021656,7
pattern-9bb4e679641f,1275001400001,Metro,14,Fruängen T-bana,740021657,8
pattern-9bb4e679641f,1275001400001,Metro,14,Fruängen T-bana,740021658,9
pattern-9bb4e679641f,1275001400001,Metro,14,Fruängen T-bana,740004046,10
pattern-9bb4e679641f,1275001400001,Metro,14,Fruängen T-bana,740021715,11
pattern-fa60c9e3b4de,1275001400001,Metro,14,Liljeholmen T-bana,740011606,1
pattern-fa60c9e3b4de,1275001400001,Metro,14,Liljeholmen T-bana,740021647,2
pattern-fa60c9e3b4de,1275001400001,Metro,14,Liljeholmen T-bana,740021651,3
pattern-fa60c9e3b4de,1275001400001,Metro,14,Liljeholmen T-bana,stockholm-central,4
pattern-fa60c9e3b4de,1275001400001,Metro,14,Liljeholmen T-bana,740021653,5
pattern-fa60c9e3b4de,1275001400001,Metro,14,Liljeholmen T-bana,slussen,6
pattern-fa60c9e3b4de,1275001400001,Metro,14,Liljeholmen T-bana,740021656,7
pattern-fa60c9e3b4de,1275001400001,Metro,14,Liljeholmen T-bana,740021657,8
pattern-fa60c9e3b4de,1275001400001,Metro,14,Liljeholmen T-bana,740021658,9
pattern-fa60c9e3b4de,1275001400001,Metro,14,Liljeholmen T-bana,740004046,10
pattern-3df98f0e25fe,1275001400001,Metro,14,Mörby centrum T-bana,740021715,1
pattern-3df98f0e25fe,1275001400001,Metro,14,Mörby centrum T-bana,740004046,2
pattern-3df98f0e25fe,1275001400001,Metro,14,Mörby centrum T-bana,740021658,3
pattern-3df98f0e25fe,1275001400001,Metro,14,Mörby centrum T-bana,740021657,4
pattern-3df98f0e25fe,1275001400001,Metro,14,Mörby centrum T-bana,740021656,5
pattern-3df98f0e25fe,1275001400001,Metro,14,Mörby centrum T-bana,slussen,6
pattern-3df98f0e25fe,1275001400001,Metro,14,Mörby centrum T-bana,740021653,7
pattern-3df98f0e25fe,1275001400001,Metro,14,Mörby centrum T-bana,stockholm-central,8
pattern-3df98f0e25fe,1275001400001,Metro,14,Mörby centrum T-bana,740021651,9
pattern-3df98f0e25fe,1275001400001,Metro,14,Mörby centrum T-bana,740021647,10
pattern-3df98f0e25fe,1275001400001,Metro,14,Mörby centrum T-bana,740011606,11
pattern-5b2cd87346fb,1275001400001,Metro,14,Mörby centrum T-bana,740004046,1
pattern-5b2cd87346fb,1275001400001,Metro,14,Mörby centrum T-bana,740021658,2
pattern-5b2cd87346fb,1275001400001,Metro,14,Mörby centrum T-bana,740021657,3
pattern-5b2cd87346fb,1275001400001,Metro,14,Mörby centrum T-bana,740021656,4
pattern-5b2cd87346fb,1275001400001,Metro,14,Mörby centrum T-bana,slussen,5
pattern-5b2cd87346fb,1275001400001,Metro,14,Mörby centrum T-bana,740021653,6
pattern-5b2cd87346fb,1275001400001,Metro,14,Mörby centrum T-bana,stockholm-central,7
pattern-5b2cd87346fb,1275001400001,Metro,14,Mörby centrum T-bana,740021651,8
pattern-5b2cd87346fb,1275001400001,Metro,14,Mörby centrum T-bana,740021647,9
pattern-5b2cd87346fb,1275001400001,Metro,14,Mörby centrum T-bana,740011606,10
pattern-b915e654ba02,1275001400001,Metro,14,Tekniska Högskolan T-bana,740021720,1
pattern-b915e654ba02,1275001400001,Metro,14,Tekniska Högskolan T-bana,740004046,2
pattern-b915e654ba02,1275001400001,Metro,14,Tekniska Högskolan T-bana,740021658,3
pattern-b915e654ba02,1275001400001,Metro,14,Tekniska Högskolan T-bana,740021657,4
pattern-b915e654ba02,1275001400001,Metro,14,Tekniska Högskolan T-bana,740021656,5
pattern-b915e654ba02,1275001400001,Metro,14,Tekniska Högskolan T-bana,slussen,6
pattern-b915e654ba02,1275001400001,Metro,14,Tekniska Högskolan T-bana,740021653,7
pattern-b915e654ba02,1275001400001,Metro,14,Tekniska Högskolan T-bana,stockholm-central,8
pattern-b915e654ba02,1275001400001,Metro,14,Tekniska Högskolan T-bana,740021651,9
pattern-b915e654ba02,1275001400001,Metro,14,Tekniska Högskolan T-bana,740021647,10
pattern-b915e654ba02,1275001400001,Metro,14,Tekniska Högskolan T-bana,740011606,11
pattern-c605b397ea01,1275001400001,Metro,14,Tekniska Högskolan T-bana,740004046,1
pattern-c605b397ea01,1275001400001,Metro,14,Tekniska Högskolan T-bana,740021658,2
pattern-c605b397ea01,1275001400001,Metro,14,Tekniska Högskolan T-bana,740021657,3
pattern-c605b397ea01,1275001400001,Metro,14,Tekniska Högskolan T-bana,740021656,4
pattern-c605b397ea01,1275001400001,Metro,14,Tekniska Högskolan T-bana,slussen,5
pattern-c605b397ea01,1275001400001,Metro,14,Tekniska Högskolan T-bana,740021653,6
pattern-c605b397ea01,1275001400001,Metro,14,Tekniska Högskolan T-bana,stockholm-central,7
pattern-c605b397ea01,1275001400001,Metro,14,Tekniska Högskolan T-bana,740021651,8
pattern-c605b397ea01,1275001400001,Metro,14,Tekniska Högskolan T-bana,740021647,9
pattern-c605b397ea01,1275001400001,Metro,14,Tekniska Högskolan T-bana,740011606,10
pattern-98f8571b01a1,1275001400001,Metro,14,Telefonplan T-bana,740011606,1
pattern-98f8571b01a1,1275001400001,Metro,14,Telefonplan T-bana,740021647,2
pattern-98f8571b01a1,1275001400001,Metro,14,Telefonplan T-bana,740021651,3
pattern-98f8571b01a1,1275001400001,Metro,14,Telefonplan T-bana,stockholm-central,4
pattern-98f8571b01a1,1275001400001,Metro,14,Telefonplan T-bana,740021653,5
pattern-98f8571b01a1,1275001400001,Metro,14,Telefonplan T-bana,slussen,6
pattern-98f8571b01a1,1275001400001,Metro,14,Telefonplan T-bana,740021656,7
pattern-98f8571b01a1,1275001400001,Metro,14,Telefonplan T-bana,740021657,8
pattern-98f8571b01a1,1275001400001,Metro,14,Telefonplan T-bana,740021658,9
pattern-98f8571b01a1,1275001400001,Metro,14,Telefonplan T-bana,740004046,10
pattern-98f8571b01a1,1275001400001,Metro,14,Telefonplan T-bana,740021715,11
pattern-29a693b1ec9c,1275001700001,Metro,17,Alvik T-bana,740021655,1
pattern-29a693b1ec9c,1275001700001,Metro,17,Alvik T-bana,740021654,2
pattern-29a693b1ec9c,1275001700001,Metro,17,Alvik T-bana,slussen,3
pattern-29a693b1ec9c,1275001700001,Metro,17,Alvik T-bana,740021653,4
pattern-29a693b1ec9c,1275001700001,Metro,17,Alvik T-bana,stockholm-central,5
pattern-29a693b1ec9c,1275001700001,Metro,17,Alvik T-bana,740021667,6
pattern-29a693b1ec9c,1275001700001,Metro,17,Alvik T-bana,740021666,7
pattern-29a693b1ec9c,1275001700001,Metro,17,Alvik T-bana,odenplan,8
pattern-29a693b1ec9c,1275001700001,Metro,17,Alvik T-bana,740021665,9
pattern-29a693b1ec9c,1275001700001,Metro,17,Alvik T-bana,740021661,10
pattern-29a693b1ec9c,1275001700001,Metro,17,Alvik T-bana,740021664,11
pattern-29a693b1ec9c,1275001700001,Metro,17,Alvik T-bana,740021663,12
pattern-81f3d537903e,1275001700001,Metro,17,Hässelby Strand T-bana,740021655,1
pattern-81f3d537903e,1275001700001,Metro,17,Hässelby Strand T-bana,740021654,2
pattern-81f3d537903e,1275001700001,Metro,17,Hässelby Strand T-bana,slussen,3
pattern-81f3d537903e,1275001700001,Metro,17,Hässelby Strand T-bana,740021653,4
pattern-81f3d537903e,1275001700001,Metro,17,Hässelby Strand T-bana,stockholm-central,5
pattern-81f3d537903e,1275001700001,Metro,17,Hässelby Strand T-bana,740021667,6
pattern-81f3d537903e,1275001700001,Metro,17,Hässelby Strand T-bana,740021666,7
pattern-81f3d537903e,1275001700001,Metro,17,Hässelby Strand T-bana,odenplan,8
pattern-81f3d537903e,1275001700001,Metro,17,Hässelby Strand T-bana,740021665,9
pattern-81f3d537903e,1275001700001,Metro,17,Hässelby Strand T-bana,740021661,10
pattern-81f3d537903e,1275001700001,Metro,17,Hässelby Strand T-bana,740021664,11
pattern-81f3d537903e,1275001700001,Metro,17,Hässelby Strand T-bana,740021663,12
pattern-5f8159e235d8,1275001700001,Metro,17,Odenplan T-bana,740021655,1
pattern-5f8159e235d8,1275001700001,Metro,17,Odenplan T-bana,740021654,2
pattern-5f8159e235d8,1275001700001,Metro,17,Odenplan T-bana,slussen,3
pattern-5f8159e235d8,1275001700001,Metro,17,Odenplan T-bana,740021653,4
pattern-5f8159e235d8,1275001700001,Metro,17,Odenplan T-bana,stockholm-central,5
pattern-5f8159e235d8,1275001700001,Metro,17,Odenplan T-bana,740021667,6
pattern-5f8159e235d8,1275001700001,Metro,17,Odenplan T-bana,740021666,7
pattern-5f8159e235d8,1275001700001,Metro,17,Odenplan T-bana,odenplan,8
pattern-5352aa5b86d1,1275001700001,Metro,17,Skarpnäck T-bana,740021663,1
pattern-5352aa5b86d1,1275001700001,Metro,17,Skarpnäck T-bana,740021664,2
pattern-5352aa5b86d1,1275001700001,Metro,17,Skarpnäck T-bana,740021661,3
pattern-5352aa5b86d1,1275001700001,Metro,17,Skarpnäck T-bana,740021665,4
pattern-5352aa5b86d1,1275001700001,Metro,17,Skarpnäck T-bana,odenplan,5
pattern-5352aa5b86d1,1275001700001,Metro,17,Skarpnäck T-bana,740021666,6
pattern-5352aa5b86d1,1275001700001,Metro,17,Skarpnäck T-bana,740021667,7
pattern-5352aa5b86d1,1275001700001,Metro,17,Skarpnäck T-bana,stockholm-central,8
pattern-5352aa5b86d1,1275001700001,Metro,17,Skarpnäck T-bana,740021653,9
pattern-5352aa5b86d1,1275001700001,Metro,17,Skarpnäck T-bana,slussen,10
pattern-5352aa5b86d1,1275001700001,Metro,17,Skarpnäck T-bana,740021654,11
pattern-5352aa5b86d1,1275001700001,Metro,17,Skarpnäck T-bana,740021655,12
pattern-7a061b549de0,1275001700001,Metro,17,Skarpnäck T-bana,odenplan,1
pattern-7a061b549de0,1275001700001,Metro,17,Skarpnäck T-bana,740021666,2
pattern-7a061b549de0,1275001700001,Metro,17,Skarpnäck T-bana,740021667,3
pattern-7a061b549de0,1275001700001,Metro,17,Skarpnäck T-bana,stockholm-central,4
pattern-7a061b549de0,1275001700001,Metro,17,Skarpnäck T-bana,740021653,5
pattern-7a061b549de0,1275001700001,Metro,17,Skarpnäck T-bana,slussen,6
pattern-7a061b549de0,1275001700001,Metro,17,Skarpnäck T-bana,740021654,7
pattern-7a061b549de0,1275001700001,Metro,17,Skarpnäck T-bana,740021655,8
pattern-5878c3fd818a,1275001700001,Metro,17,Vällingby T-bana,740021655,1
pattern-5878c3fd818a,1275001700001,Metro,17,Vällingby T-bana,740021654,2
pattern-5878c3fd818a,1275001700001,Metro,17,Vällingby T-bana,slussen,3
pattern-5878c3fd818a,1275001700001,Metro,17,Vällingby T-bana,740021653,4
pattern-5878c3fd818a,1275001700001,Metro,17,Vällingby T-bana,stockholm-central,5
pattern-5878c3fd818a,1275001700001,Metro,17,Vällingby T-bana,740021667,6
pattern-5878c3fd818a,1275001700001,Metro,17,Vällingby T-bana,740021666,7
pattern-5878c3fd818a,1275001700001,Metro,17,Vällingby T-bana,odenplan,8
pattern-5878c3fd818a,1275001700001,Metro,17,Vällingby T-bana,740021665,9
pattern-5878c3fd818a,1275001700001,Metro,17,Vällingby T-bana,740021661,10
pattern-5878c3fd818a,1275001700001,Metro,17,Vällingby T-bana,740021664,11
pattern-5878c3fd818a,1275001700001,Metro,17,Vällingby T-bana,740021663,12
pattern-5458dc2db1c8,1275001700001,Metro,17,Åkeshov T-bana,740021655,1
pattern-5458dc2db1c8,1275001700001,Metro,17,Åkeshov T-bana,740021654,2
pattern-5458dc2db1c8,1275001700001,Metro,17,Åkeshov T-bana,slussen,3
pattern-5458dc2db1c8,1275001700001,Metro,17,Åkeshov T-bana,740021653,4
pattern-5458dc2db1c8,1275001700001,Metro,17,Åkeshov T-bana,stockholm-central,5
pattern-5458dc2db1c8,1275001700001,Metro,17,Åkeshov T-bana,740021667,6
pattern-5458dc2db1c8,1275001700001,Metro,17,Åkeshov T-bana,740021666,7
pattern-5458dc2db1c8,1275001700001,Metro,17,Åkeshov T-bana,odenplan,8
pattern-5458dc2db1c8,1275001700001,Metro,17,Åkeshov T-bana,740021665,9
pattern-5458dc2db1c8,1275001700001,Metro,17,Åkeshov T-bana,740021661,10
pattern-5458dc2db1c8,1275001700001,Metro,17,Åkeshov T-bana,740021664,11
pattern-5458dc2db1c8,1275001700001,Metro,17,Åkeshov T-bana,740021663,12
pattern-2fd861949a07,1275001800001,Metro,18,Alvik T-bana,740021655,1
pattern-2fd861949a07,1275001800001,Metro,18,Alvik T-bana,740021654,2
pattern-2fd861949a07,1275001800001,Metro,18,Alvik T-bana,slussen,3
pattern-2fd861949a07,1275001800001,Metro,18,Alvik T-bana,740021653,4
pattern-2fd861949a07,1275001800001,Metro,18,Alvik T-bana,stockholm-central,5
pattern-2fd861949a07,1275001800001,Metro,18,Alvik T-bana,740021667,6
pattern-2fd861949a07,1275001800001,Metro,18,Alvik T-bana,740021666,7
pattern-2fd861949a07,1275001800001,Metro,18,Alvik T-bana,odenplan,8
pattern-2fd861949a07,1275001800001,Metro,18,Alvik T-bana,740021665,9
pattern-2fd861949a07,1275001800001,Metro,18,Alvik T-bana,740021661,10
pattern-2fd861949a07,1275001800001,Metro,18,Alvik T-bana,740021664,11
pattern-2fd861949a07,1275001800001,Metro,18,Alvik T-bana,740021663,12
pattern-6ca2838b32b7,1275001800001,Metro,18,Farsta Strand T-bana,740021663,1
pattern-6ca2838b32b7,1275001800001,Metro,18,Farsta Strand T-bana,740021664,2
pattern-6ca2838b32b7,1275001800001,Metro,18,Farsta Strand T-bana,740021661,3
pattern-6ca2838b32b7,1275001800001,Metro,18,Farsta Strand T-bana,740021665,4
pattern-6ca2838b32b7,1275001800001,Metro,18,Farsta Strand T-bana,odenplan,5
pattern-6ca2838b32b7,1275001800001,Metro,18,Farsta Strand T-bana,740021666,6
pattern-6ca2838b32b7,1275001800001,Metro,18,Farsta Strand T-bana,740021667,7
pattern-6ca2838b32b7,1275001800001,Metro,18,Farsta Strand T-bana,stockholm-central,8
pattern-6ca2838b32b7,1275001800001,Metro,18,Farsta Strand T-bana,740021653,9
pattern-6ca2838b32b7,1275001800001,Metro,18,Farsta Strand T-bana,slussen,10
pattern-6ca2838b32b7,1275001800001,Metro,18,Farsta Strand T-bana,740021654,11
pattern-6ca2838b32b7,1275001800001,Metro,18,Farsta Strand T-bana,740021655,12
pattern-b07ce4c06fd4,1275001800001,Metro,18,Farsta Strand T-bana,odenplan,1
pattern-b07ce4c06fd4,1275001800001,Metro,18,Farsta Strand T-bana,740021666,2
pattern-b07ce4c06fd4,1275001800001,Metro,18,Farsta Strand T-bana,740021667,3
pattern-b07ce4c06fd4,1275001800001,Metro,18,Farsta Strand T-bana,stockholm-central,4
pattern-b07ce4c06fd4,1275001800001,Metro,18,Farsta Strand T-bana,740021653,5
pattern-b07ce4c06fd4,1275001800001,Metro,18,Farsta Strand T-bana,slussen,6
pattern-b07ce4c06fd4,1275001800001,Metro,18,Farsta Strand T-bana,740021654,7
pattern-b07ce4c06fd4,1275001800001,Metro,18,Farsta Strand T-bana,740021655,8
pattern-a92f390393fb,1275001800001,Metro,18,Hässelby Strand T-bana,740021655,1
pattern-a92f390393fb,1275001800001,Metro,18,Hässelby Strand T-bana,740021654,2
pattern-a92f390393fb,1275001800001,Metro,18,Hässelby Strand T-bana,slussen,3
pattern-a92f390393fb,1275001800001,Metro,18,Hässelby Strand T-bana,740021653,4
pattern-a92f390393fb,1275001800001,Metro,18,Hässelby Strand T-bana,stockholm-central,5
pattern-a92f390393fb,1275001800001,Metro,18,Hässelby Strand T-bana,740021667,6
pattern-a92f390393fb,1275001800001,Metro,18,Hässelby Strand T-bana,740021666,7
pattern-a92f390393fb,1275001800001,Metro,18,Hässelby Strand T-bana,odenplan,8
pattern-a92f390393fb,1275001800001,Metro,18,Hässelby Strand T-bana,740021665,9
pattern-a92f390393fb,1275001800001,Metro,18,Hässelby Strand T-bana,740021661,10
pattern-a92f390393fb,1275001800001,Metro,18,Hässelby Strand T-bana,740021664,11
pattern-a92f390393fb,1275001800001,Metro,18,Hässelby Strand T-bana,740021663,12
pattern-1453045e5727,1275001800001,Metro,18,Hökarängen T-bana,740021663,1
pattern-1453045e5727,1275001800001,Metro,18,Hökarängen T-bana,740021664,2
pattern-1453045e5727,1275001800001,Metro,18,Hökarängen T-bana,740021661,3
pattern-1453045e5727,1275001800001,Metro,18,Hökarängen T-bana,740021665,4
pattern-1453045e5727,1275001800001,Metro,18,Hökarängen T-bana,odenplan,5
pattern-1453045e5727,1275001800001,Metro,18,Hökarängen T-bana,740021666,6
pattern-1453045e5727,1275001800001,Metro,18,Hökarängen T-bana,740021667,7
pattern-1453045e5727,1275001800001,Metro,18,Hökarängen T-bana,stockholm-central,8
pattern-1453045e5727,1275001800001,Metro,18,Hökarängen T-bana,740021653,9
pattern-1453045e5727,1275001800001,Metro,18,Hökarängen T-bana,slussen,10
pattern-1453045e5727,1275001800001,Metro,18,Hökarängen T-bana,740021654,11
pattern-1453045e5727,1275001800001,Metro,18,Hökarängen T-bana,740021655,12
pattern-bbf3a04d3a52,1275001800001,Metro,18,Hökarängen T-bana,odenplan,1
pattern-bbf3a04d3a52,1275001800001,Metro,18,Hökarängen T-bana,740021666,2
pattern-bbf3a04d3a52,1275001800001,Metro,18,Hökarängen T-bana,740021667,3
pattern-bbf3a04d3a52,1275001800001,Metro,18,Hökarängen T-bana,stockholm-central,4
pattern-bbf3a04d3a52,1275001800001,Metro,18,Hökarängen T-bana,740021653,5
pattern-bbf3a04d3a52,1275001800001,Metro,18,Hökarängen T-bana,slussen,6
pattern-bbf3a04d3a52,1275001800001,Metro,18,Hökarängen T-bana,740021654,7
pattern-bbf3a04d3a52,1275001800001,Metro,18,Hökarängen T-bana,740021655,8
pattern-a515e6354fd3,1275001800001,Metro,18,Odenplan T-bana,740021655,1
pattern-a515e6354fd3,1275001800001,Metro,18,Odenplan T-bana,740021654,2
pattern-a515e6354fd3,1275001800001,Metro,18,Odenplan T-bana,slussen,3
pattern-a515e6354fd3,1275001800001,Metro,18,Odenplan T-bana,740021653,4
pattern-a515e6354fd3,1275001800001,Metro,18,Odenplan T-bana,stockholm-central,5
pattern-a515e6354fd3,1275001800001,Metro,18,Odenplan T-bana,740021667,6
pattern-a515e6354fd3,1275001800001,Metro,18,Odenplan T-bana,740021666,7
pattern-a515e6354fd3,1275001800001,Metro,18,Odenplan T-bana,odenplan,8
pattern-e96ed3167f37,1275001800001,Metro,18,Vällingby T-bana,740021655,1
pattern-e96ed3167f37,1275001800001,Metro,18,Vällingby T-bana,740021654,2
pattern-e96ed3167f37,1275001800001,Metro,18,Vällingby T-bana,slussen,3
pattern-e96ed3167f37,1275001800001,Metro,18,Vällingby T-bana,740021653,4
pattern-e96ed3167f37,1275001800001,Metro,18,Vällingby T-bana,stockholm-central,5
pattern-e96ed3167f37,1275001800001,Metro,18,Vällingby T-bana,740021667,6
pattern-e96ed3167f37,1275001800001,Metro,18,Vällingby T-bana,740021666,7
pattern-e96ed3167f37,1275001800001,Metro,18,Vällingby T-bana,odenplan,8
pattern-e96ed3167f37,1275001800001,Metro,18,Vällingby T-bana,740021665,9
pattern-e96ed3167f37,1275001800001,Metro,18,Vällingby T-bana,740021661,10
pattern-e96ed3167f37,1275001800001,Metro,18,Vällingby T-bana,740021664,11
pattern-e96ed3167f37,1275001800001,Metro,18,Vällingby T-bana,740021663,12
pattern-85ad19016732,1275001800001,Metro,18,Åkeshov T-bana,740021655,1
pattern-85ad19016732,1275001800001,Metro,18,Åkeshov T-bana,740021654,2
pattern-85ad19016732,1275001800001,Metro,18,Åkeshov T-bana,slussen,3
pattern-85ad19016732,1275001800001,Metro,18,Åkeshov T-bana,740021653,4
pattern-85ad19016732,1275001800001,Metro,18,Åkeshov T-bana,stockholm-central,5
pattern-85ad19016732,1275001800001,Metro,18,Åkeshov T-bana,740021667,6
pattern-85ad19016732,1275001800001,Metro,18,Åkeshov T-bana,740021666,7
pattern-85ad19016732,1275001800001,Metro,18,Åkeshov T-bana,odenplan,8
pattern-85ad19016732,1275001800001,Metro,18,Åkeshov T-bana,740021665,9
pattern-85ad19016732,1275001800001,Metro,18,Åkeshov T-bana,740021661,10
pattern-85ad19016732,1275001800001,Metro,18,Åkeshov T-bana,740021664,11
pattern-85ad19016732,1275001800001,Metro,18,Åkeshov T-bana,740021663,12
pattern-cb35327e185f,1275001900001,Metro,19,Alvik T-bana,740021655,1
pattern-cb35327e185f,1275001900001,Metro,19,Alvik T-bana,740021654,2
pattern-cb35327e185f,1275001900001,Metro,19,Alvik T-bana,slussen,3
pattern-cb35327e185f,1275001900001,Metro,19,Alvik T-bana,740021653,4
pattern-cb35327e185f,1275001900001,Metro,19,Alvik T-bana,stockholm-central,5
pattern-cb35327e185f,1275001900001,Metro,19,Alvik T-bana,740021667,6
pattern-cb35327e185f,1275001900001,Metro,19,Alvik T-bana,740021666,7
pattern-cb35327e185f,1275001900001,Metro,19,Alvik T-bana,odenplan,8
pattern-cb35327e185f,1275001900001,Metro,19,Alvik T-bana,740021665,9
pattern-cb35327e185f,1275001900001,Metro,19,Alvik T-bana,740021661,10
pattern-cb35327e185f,1275001900001,Metro,19,Alvik T-bana,740021664,11
pattern-cb35327e185f,1275001900001,Metro,19,Alvik T-bana,740021663,12
pattern-c320c7fe8548,1275001900001,Metro,19,Gullmarsplan T-bana,740021663,1
pattern-c320c7fe8548,1275001900001,Metro,19,Gullmarsplan T-bana,740021664,2
pattern-c320c7fe8548,1275001900001,Metro,19,Gullmarsplan T-bana,740021661,3
pattern-c320c7fe8548,1275001900001,Metro,19,Gullmarsplan T-bana,740021665,4
pattern-c320c7fe8548,1275001900001,Metro,19,Gullmarsplan T-bana,odenplan,5
pattern-c320c7fe8548,1275001900001,Metro,19,Gullmarsplan T-bana,740021666,6
pattern-c320c7fe8548,1275001900001,Metro,19,Gullmarsplan T-bana,740021667,7
pattern-c320c7fe8548,1275001900001,Metro,19,Gullmarsplan T-bana,stockholm-central,8
pattern-c320c7fe8548,1275001900001,Metro,19,Gullmarsplan T-bana,740021653,9
pattern-c320c7fe8548,1275001900001,Metro,19,Gullmarsplan T-bana,slussen,10
pattern-c320c7fe8548,1275001900001,Metro,19,Gullmarsplan T-bana,740021654,11
pattern-c320c7fe8548,1275001900001,Metro,19,Gullmarsplan T-bana,740021655,12
pattern-bcee7207a679,1275001900001,Metro,19,Hagsätra T-bana,740021663,1
pattern-bcee7207a679,1275001900001,Metro,19,Hagsätra T-bana,740021664,2
pattern-bcee7207a679,1275001900001,Metro,19,Hagsätra T-bana,740021661,3
pattern-bcee7207a679,1275001900001,Metro,19,Hagsätra T-bana,740021665,4
pattern-bcee7207a679,1275001900001,Metro,19,Hagsätra T-bana,odenplan,5
pattern-bcee7207a679,1275001900001,Metro,19,Hagsätra T-bana,740021666,6
pattern-bcee7207a679,1275001900001,Metro,19,Hagsätra T-bana,740021667,7
pattern-bcee7207a679,1275001900001,Metro,19,Hagsätra T-bana,stockholm-central,8
pattern-bcee7207a679,1275001900001,Metro,19,Hagsätra T-bana,740021653,9
pattern-bcee7207a679,1275001900001,Metro,19,Hagsätra T-bana,slussen,10
pattern-bcee7207a679,1275001900001,Metro,19,Hagsätra T-bana,740021654,11
pattern-bcee7207a679,1275001900001,Metro,19,Hagsätra T-bana,740021655,12
pattern-e0bd79e6f8a1,1275001900001,Metro,19,Hagsätra T-bana,740021666,1
pattern-e0bd79e6f8a1,1275001900001,Metro,19,Hagsätra T-bana,740021667,2
pattern-e0bd79e6f8a1,1275001900001,Metro,19,Hagsätra T-bana,stockholm-central,3
pattern-e0bd79e6f8a1,1275001900001,Metro,19,Hagsätra T-bana,740021653,4
pattern-e0bd79e6f8a1,1275001900001,Metro,19,Hagsätra T-bana,slussen,5
pattern-e0bd79e6f8a1,1275001900001,Metro,19,Hagsätra T-bana,740021654,6
pattern-e0bd79e6f8a1,1275001900001,Metro,19,Hagsätra T-bana,740021655,7
pattern-f5ec50a070b2,1275001900001,Metro,19,Hagsätra T-bana,odenplan,1
pattern-f5ec50a070b2,1275001900001,Metro,19,Hagsätra T-bana,740021666,2
pattern-f5ec50a070b2,1275001900001,Metro,19,Hagsätra T-bana,740021667,3
pattern-f5ec50a070b2,1275001900001,Metro,19,Hagsätra T-bana,stockholm-central,4
pattern-f5ec50a070b2,1275001900001,Metro,19,Hagsätra T-bana,740021653,5
pattern-f5ec50a070b2,1275001900001,Metro,19,Hagsätra T-bana,slussen,6
pattern-f5ec50a070b2,1275001900001,Metro,19,Hagsätra T-bana,740021654,7
pattern-f5ec50a070b2,1275001900001,Metro,19,Hagsätra T-bana,740021655,8
pattern-ca4754f8dcd0,1275001900001,Metro,19,Hässelby Strand T-bana,740021655,1
pattern-ca4754f8dcd0,1275001900001,Metro,19,Hässelby Strand T-bana,740021654,2
pattern-ca4754f8dcd0,1275001900001,Metro,19,Hässelby Strand T-bana,slussen,3
pattern-ca4754f8dcd0,1275001900001,Metro,19,Hässelby Strand T-bana,740021653,4
pattern-ca4754f8dcd0,1275001900001,Metro,19,Hässelby Strand T-bana,stockholm-central,5
pattern-ca4754f8dcd0,1275001900001,Metro,19,Hässelby Strand T-bana,740021667,6
pattern-ca4754f8dcd0,1275001900001,Metro,19,Hässelby Strand T-bana,740021666,7
pattern-ca4754f8dcd0,1275001900001,Metro,19,Hässelby Strand T-bana,odenplan,8
pattern-ca4754f8dcd0,1275001900001,Metro,19,Hässelby Strand T-bana,740021665,9
pattern-ca4754f8dcd0,1275001900001,Metro,19,Hässelby Strand T-bana,740021661,10
pattern-ca4754f8dcd0,1275001900001,Metro,19,Hässelby Strand T-bana,740021664,11
pattern-ca4754f8dcd0,1275001900001,Metro,19,Hässelby Strand T-bana,740021663,12
pattern-ed90733adcfa,1275001900001,Metro,19,Hässelby Strand T-bana,740021665,1
pattern-ed90733adcfa,1275001900001,Metro,19,Hässelby Strand T-bana,740021661,2
pattern-ed90733adcfa,1275001900001,Metro,19,Hässelby Strand T-bana,740021664,3
pattern-ed90733adcfa,1275001900001,Metro,19,Hässelby Strand T-bana,740021663,4
pattern-88e0ec5678f9,1275001900001,Metro,19,Högdalen T-bana,740021663,1
pattern-88e0ec5678f9,1275001900001,Metro,19,Högdalen T-bana,740021664,2
pattern-88e0ec5678f9,1275001900001,Metro,19,Högdalen T-bana,740021661,3
pattern-88e0ec5678f9,1275001900001,Metro,19,Högdalen T-bana,740021665,4
pattern-88e0ec5678f9,1275001900001,Metro,19,Högdalen T-bana,odenplan,5
pattern-88e0ec5678f9,1275001900001,Metro,19,Högdalen T-bana,740021666,6
pattern-88e0ec5678f9,1275001900001,Metro,19,Högdalen T-bana,740021667,7
pattern-88e0ec5678f9,1275001900001,Metro,19,Högdalen T-bana,stockholm-central,8
pattern-88e0ec5678f9,1275001900001,Metro,19,Högdalen T-bana,740021653,9
pattern-88e0ec5678f9,1275001900001,Metro,19,Högdalen T-bana,slussen,10
pattern-88e0ec5678f9,1275001900001,Metro,19,Högdalen T-bana,740021654,11
pattern-88e0ec5678f9,1275001900001,Metro,19,Högdalen T-bana,740021655,12
pattern-d5f3cbd85214,1275001900001,Metro,19,Högdalen T-bana,740021666,1
pattern-d5f3cbd85214,1275001900001,Metro,19,Högdalen T-bana,740021667,2
pattern-d5f3cbd85214,1275001900001,Metro,19,Högdalen T-bana,stockholm-central,3
pattern-d5f3cbd85214,1275001900001,Metro,19,Högdalen T-bana,740021653,4
pattern-d5f3cbd85214,1275001900001,Metro,19,Högdalen T-bana,slussen,5
pattern-d5f3cbd85214,1275001900001,Metro,19,Högdalen T-bana,740021654,6
pattern-d5f3cbd85214,1275001900001,Metro,19,Högdalen T-bana,740021655,7
pattern-ef7e97605a91,1275001900001,Metro,19,Högdalen T-bana,odenplan,1
pattern-ef7e97605a91,1275001900001,Metro,19,Högdalen T-bana,740021666,2
pattern-ef7e97605a91,1275001900001,Metro,19,Högdalen T-bana,740021667,3
pattern-ef7e97605a91,1275001900001,Metro,19,Högdalen T-bana,stockholm-central,4
pattern-ef7e97605a91,1275001900001,Metro,19,Högdalen T-bana,740021653,5
pattern-ef7e97605a91,1275001900001,Metro,19,Högdalen T-bana,slussen,6
pattern-ef7e97605a91,1275001900001,Metro,19,Högdalen T-bana,740021654,7
pattern-ef7e97605a91,1275001900001,Metro,19,Högdalen T-bana,740021655,8
pattern-173df872f7e4,1275001900001,Metro,19,Odenplan T-bana,740021655,1
pattern-173df872f7e4,1275001900001,Metro,19,Odenplan T-bana,740021654,2
pattern-173df872f7e4,1275001900001,Metro,19,Odenplan T-bana,slussen,3
pattern-173df872f7e4,1275001900001,Metro,19,Odenplan T-bana,740021653,4
pattern-173df872f7e4,1275001900001,Metro,19,Odenplan T-bana,stockholm-central,5
pattern-173df872f7e4,1275001900001,Metro,19,Odenplan T-bana,740021667,6
pattern-173df872f7e4,1275001900001,Metro,19,Odenplan T-bana,740021666,7
pattern-173df872f7e4,1275001900001,Metro,19,Odenplan T-bana,odenplan,8
pattern-96435b033087,1275001900001,Metro,19,Rådmansgatan T-bana,740021655,1
pattern-96435b033087,1275001900001,Metro,19,Rådmansgatan T-bana,740021654,2
pattern-96435b033087,1275001900001,Metro,19,Rådmansgatan T-bana,slussen,3
pattern-96435b033087,1275001900001,Metro,19,Rådmansgatan T-bana,740021653,4
pattern-96435b033087,1275001900001,Metro,19,Rådmansgatan T-bana,stockholm-central,5
pattern-96435b033087,1275001900001,Metro,19,Rådmansgatan T-bana,740021667,6
pattern-96435b033087,1275001900001,Metro,19,Rådmansgatan T-bana,740021666,7
pattern-0e23029da810,1275001900001,Metro,19,S:t Eriksplan T-bana,740021663,1
pattern-0e23029da810,1275001900001,Metro,19,S:t Eriksplan T-bana,740021664,2
pattern-0e23029da810,1275001900001,Metro,19,S:t Eriksplan T-bana,740021661,3
pattern-0e23029da810,1275001900001,Metro,19,S:t Eriksplan T-bana,740021665,4
pattern-4f560386d115,1275001900001,Metro,19,Vällingby T-bana,740021655,1
pattern-4f560386d115,1275001900001,Metro,19,Vällingby T-bana,740021654,2
pattern-4f560386d115,1275001900001,Metro,19,Vällingby T-bana,slussen,3
pattern-4f560386d115,1275001900001,Metro,19,Vällingby T-bana,740021653,4
pattern-4f560386d115,1275001900001,Metro,19,Vällingby T-bana,stockholm-central,5
pattern-4f560386d115,1275001900001,Metro,19,Vällingby T-bana,740021667,6
pattern-4f560386d115,1275001900001,Metro,19,Vällingby T-bana,740021666,7
pattern-4f560386d115,1275001900001,Metro,19,Vällingby T-bana,odenplan,8
pattern-4f560386d115,1275001900001,Metro,19,Vällingby T-bana,740021665,9
pattern-4f560386d115,1275001900001,Metro,19,Vällingby T-bana,740021661,10
pattern-4f560386d115,1275001900001,Metro,19,Vällingby T-bana,740021664,11
pattern-4f560386d115,1275001900001,Metro,19,Vällingby T-bana,740021663,12
pattern-95c0eb5a6cc5,1275001900001,Metro,19,Vällingby T-bana,740021665,1
pattern-95c0eb5a6cc5,1275001900001,Metro,19,Vällingby T-bana,740021661,2
pattern-95c0eb5a6cc5,1275001900001,Metro,19,Vällingby T-bana,740021664,3
pattern-95c0eb5a6cc5,1275001900001,Metro,19,Vällingby T-bana,740021663,4
pattern-09ac5556d5bd,1275001900001,Metro,19,Åkeshov T-bana,740021655,1
pattern-09ac5556d5bd,1275001900001,Metro,19,Åkeshov T-bana,740021654,2
pattern-09ac5556d5bd,1275001900001,Metro,19,Åkeshov T-bana,slussen,3
pattern-09ac5556d5bd,1275001900001,Metro,19,Åkeshov T-bana,740021653,4
pattern-09ac5556d5bd,1275001900001,Metro,19,Åkeshov T-bana,stockholm-central,5
pattern-09ac5556d5bd,1275001900001,Metro,19,Åkeshov T-bana,740021667,6
pattern-09ac5556d5bd,1275001900001,Metro,19,Åkeshov T-bana,740021666,7
pattern-09ac5556d5bd,1275001900001,Metro,19,Åkeshov T-bana,odenplan,8
pattern-09ac5556d5bd,1275001900001,Metro,19,Åkeshov T-bana,740021665,9
pattern-09ac5556d5bd,1275001900001,Metro,19,Åkeshov T-bana,740021661,10
pattern-09ac5556d5bd,1275001900001,Metro,19,Åkeshov T-bana,740021664,11
pattern-09ac5556d5bd,1275001900001,Metro,19,Åkeshov T-bana,740021663,12
pattern-05c5014d77b6,1275003000001,Tram,30,Bällsta bro Spårv,740024928,1
pattern-05c5014d77b6,1275003000001,Tram,30,Bällsta bro Spårv,740024921,2
pattern-05c5014d77b6,1275003000001,Tram,30,Bällsta bro Spårv,740004046,3
pattern-05c5014d77b6,1275003000001,Tram,30,Bällsta bro Spårv,740024922,4
pattern-05c5014d77b6,1275003000001,Tram,30,Bällsta bro Spårv,740024923,5
pattern-bac65bdc6df2,1275003000001,Tram,30,Bällsta bro Spårv,740024927,1
pattern-bac65bdc6df2,1275003000001,Tram,30,Bällsta bro Spårv,740024926,2
pattern-bac65bdc6df2,1275003000001,Tram,30,Bällsta bro Spårv,740024929,3
pattern-bac65bdc6df2,1275003000001,Tram,30,Bällsta bro Spårv,740024928,4
pattern-bac65bdc6df2,1275003000001,Tram,30,Bällsta bro Spårv,740024921,5
pattern-bac65bdc6df2,1275003000001,Tram,30,Bällsta bro Spårv,740004046,6
pattern-bac65bdc6df2,1275003000001,Tram,30,Bällsta bro Spårv,740024922,7
pattern-bac65bdc6df2,1275003000001,Tram,30,Bällsta bro Spårv,740024923,8
pattern-db8d053190e5,1275003000001,Tram,30,Johannesfred Spårv,740024927,1
pattern-db8d053190e5,1275003000001,Tram,30,Johannesfred Spårv,740024926,2
pattern-db8d053190e5,1275003000001,Tram,30,Johannesfred Spårv,740024929,3
pattern-db8d053190e5,1275003000001,Tram,30,Johannesfred Spårv,740024928,4
pattern-db8d053190e5,1275003000001,Tram,30,Johannesfred Spårv,740024921,5
pattern-db8d053190e5,1275003000001,Tram,30,Johannesfred Spårv,740004046,6
pattern-db8d053190e5,1275003000001,Tram,30,Johannesfred Spårv,740024922,7
pattern-db8d053190e5,1275003000001,Tram,30,Johannesfred Spårv,740024923,8
pattern-7424542a7f4d,1275003000001,Tram,30,Sickla station,740024923,1
pattern-7424542a7f4d,1275003000001,Tram,30,Sickla station,740024922,2
pattern-7424542a7f4d,1275003000001,Tram,30,Sickla station,740004046,3
pattern-7424542a7f4d,1275003000001,Tram,30,Sickla station,740024921,4
pattern-7424542a7f4d,1275003000001,Tram,30,Sickla station,740024928,5
pattern-7424542a7f4d,1275003000001,Tram,30,Sickla station,740024929,6
pattern-7424542a7f4d,1275003000001,Tram,30,Sickla station,740024926,7
pattern-7424542a7f4d,1275003000001,Tram,30,Sickla station,740024927,8
pattern-7dee4288bed5,1275003000001,Tram,30,Solna station,740024928,1
pattern-7dee4288bed5,1275003000001,Tram,30,Solna station,740024921,2
pattern-7dee4288bed5,1275003000001,Tram,30,Solna station,740004046,3
pattern-7dee4288bed5,1275003000001,Tram,30,Solna station,740024922,4
pattern-7dee4288bed5,1275003000001,Tram,30,Solna station,740024923,5
pattern-c47bef5b0d12,1275003000001,Tram,30,Solna station,740024927,1
pattern-c47bef5b0d12,1275003000001,Tram,30,Solna station,740024926,2
pattern-c47bef5b0d12,1275003000001,Tram,30,Solna station,740024929,3
pattern-c47bef5b0d12,1275003000001,Tram,30,Solna station,740024928,4
pattern-c47bef5b0d12,1275003000001,Tram,30,Solna station,740024921,5
pattern-c47bef5b0d12,1275003000001,Tram,30,Solna station,740004046,6
pattern-c47bef5b0d12,1275003000001,Tram,30,Solna station,740024922,7
pattern-c47bef5b0d12,1275003000001,Tram,30,Solna station,740024923,8
pattern-7838d311b555,1275000700001,Tram,7,Stockholm Norrmalmstorg Spårv,740018280,1
pattern-7838d311b555,1275000700001,Tram,7,Stockholm Norrmalmstorg Spårv,740046067,2
pattern-7838d311b555,1275000700001,Tram,7,Stockholm Norrmalmstorg Spårv,740046066,3
pattern-7838d311b555,1275000700001,Tram,7,Stockholm Norrmalmstorg Spårv,740018281,4
pattern-7838d311b555,1275000700001,Tram,7,Stockholm Norrmalmstorg Spårv,740018282,5
pattern-7838d311b555,1275000700001,Tram,7,Stockholm Norrmalmstorg Spårv,740046031,6
pattern-7838d311b555,1275000700001,Tram,7,Stockholm Norrmalmstorg Spårv,740046036,7
pattern-7838d311b555,1275000700001,Tram,7,Stockholm Norrmalmstorg Spårv,740046065,8
pattern-7838d311b555,1275000700001,Tram,7,Stockholm Norrmalmstorg Spårv,740019408,9
pattern-7838d311b555,1275000700001,Tram,7,Stockholm Norrmalmstorg Spårv,740045943,10
pattern-119d5ae6ffdc,1275000700001,Tram,7,Stockholm Skansen,stockholm-central,1
pattern-119d5ae6ffdc,1275000700001,Tram,7,Stockholm Skansen,740037355,2
pattern-119d5ae6ffdc,1275000700001,Tram,7,Stockholm Skansen,740019408,3
pattern-119d5ae6ffdc,1275000700001,Tram,7,Stockholm Skansen,740046065,4
pattern-119d5ae6ffdc,1275000700001,Tram,7,Stockholm Skansen,740046036,5
pattern-119d5ae6ffdc,1275000700001,Tram,7,Stockholm Skansen,740046031,6
pattern-119d5ae6ffdc,1275000700001,Tram,7,Stockholm Skansen,740018282,7
pattern-119d5ae6ffdc,1275000700001,Tram,7,Stockholm Skansen,740018281,8
pattern-3a215527737c,1275000700001,Tram,7,Stockholm Waldemarsudde,740045943,1
pattern-3a215527737c,1275000700001,Tram,7,Stockholm Waldemarsudde,740019408,2
pattern-3a215527737c,1275000700001,Tram,7,Stockholm Waldemarsudde,740046065,3
pattern-3a215527737c,1275000700001,Tram,7,Stockholm Waldemarsudde,740046036,4
pattern-3a215527737c,1275000700001,Tram,7,Stockholm Waldemarsudde,740046031,5
pattern-3a215527737c,1275000700001,Tram,7,Stockholm Waldemarsudde,740018282,6
pattern-3a215527737c,1275000700001,Tram,7,Stockholm Waldemarsudde,740018281,7
pattern-3a215527737c,1275000700001,Tram,7,Stockholm Waldemarsudde,740046066,8
pattern-3a215527737c,1275000700001,Tram,7,Stockholm Waldemarsudde,740018280,9
pattern-4b54734f86e0,1275000700001,Tram,7,Stockholm Waldemarsudde,stockholm-central,1
pattern-4b54734f86e0,1275000700001,Tram,7,Stockholm Waldemarsudde,740037355,2
pattern-4b54734f86e0,1275000700001,Tram,7,Stockholm Waldemarsudde,740019408,3
pattern-4b54734f86e0,1275000700001,Tram,7,Stockholm Waldemarsudde,740046065,4
pattern-4b54734f86e0,1275000700001,Tram,7,Stockholm Waldemarsudde,740046036,5
pattern-4b54734f86e0,1275000700001,Tram,7,Stockholm Waldemarsudde,740046031,6
pattern-4b54734f86e0,1275000700001,Tram,7,Stockholm Waldemarsudde,740018282,7
pattern-4b54734f86e0,1275000700001,Tram,7,Stockholm Waldemarsudde,740018281,8
pattern-4b54734f86e0,1275000700001,Tram,7,Stockholm Waldemarsudde,740046066,9
pattern-4b54734f86e0,1275000700001,Tram,7,Stockholm Waldemarsudde,740018280,10
pattern-37953448652c,1275000700001,Tram,7,T-Centralen Spårv,740018281,1
pattern-37953448652c,1275000700001,Tram,7,T-Centralen Spårv,740018282,2
pattern-37953448652c,1275000700001,Tram,7,T-Centralen Spårv,740046031,3
pattern-37953448652c,1275000700001,Tram,7,T-Centralen Spårv,740046036,4
pattern-37953448652c,1275000700001,Tram,7,T-Centralen Spårv,740046065,5
pattern-37953448652c,1275000700001,Tram,7,T-Centralen Spårv,740019408,6
pattern-37953448652c,1275000700001,Tram,7,T-Centralen Spårv,740037355,7
pattern-37953448652c,1275000700001,Tram,7,T-Centralen Spårv,stockholm-central,8
pattern-d39ec070c89a,1275000700001,Tram,7,T-Centralen Spårv,740018280,1
pattern-d39ec070c89a,1275000700001,Tram,7,T-Centralen Spårv,740046067,2
pattern-d39ec070c89a,1275000700001,Tram,7,T-Centralen Spårv,740046066,3
pattern-d39ec070c89a,1275000700001,Tram,7,T-Centralen Spårv,740018281,4
pattern-d39ec070c89a,1275000700001,Tram,7,T-Centralen Spårv,740018282,5
pattern-d39ec070c89a,1275000700001,Tram,7,T-Centralen Spårv,740046031,6
pattern-d39ec070c89a,1275000700001,Tram,7,T-Centralen Spårv,740046036,7
pattern-d39ec070c89a,1275000700001,Tram,7,T-Centralen Spårv,740046065,8
pattern-d39ec070c89a,1275000700001,Tram,7,T-Centralen Spårv,740019408,9
pattern-d39ec070c89a,1275000700001,Tram,7,T-Centralen Spårv,740037355,10
pattern-d39ec070c89a,1275000700001,Tram,7,T-Centralen Spårv,stockholm-central,11
